REPORT_NUM,EVENT_PROPERTY_NAME,EVENT_TYPE_ID,EVENT_TYPE_NAME,EVENT_SRC_NAME,DISTRICT_ID,INTIME_ARCHIVE_NUM,SUB_TYPE_ID,DISTRICT_NAME,COMMUNITY_ID,REC_ID,STREET_ID,OVERTIME_ARCHIVE_NUM,OPERATE_NUM,DISPOSE_UNIT_ID,STREET_NAME,CREATE_TIME,EVENT_SRC_ID,INTIME_TO_ARCHIVE_NUM,SUB_TYPE_NAME,EVENT_PROPERTY_ID,OCCUR_PLACE,COMMUNITY_NAME,DISPOSE_UNIT_NAME,MAIN_TYPE_NAME,MAIN_TYPE_ID
1,投诉,5,市容环卫,美丽深圳,1,1,589,坪山区,10020,118560,101,0,1,1801,龙田街道,2018/11/8 7:47,102,0,树木养护,2,-,龙田社区,市政服务中心（龙田街道办事处）,绿化养护,176
1,投诉,6,市政设施,@坪山,1,1,842,坪山区,10004,118566,102,0,1,8532,马峦街道,2018/11/8 8:07,103,0,交通标志牌,2,-,坪环社区,马峦办事处综合执法队（马峦街道办事处）,道路设施,184
1,投诉,6,市政设施,@坪山,1,1,630,坪山区,10022,118567,105,0,1,8516,坑梓街道,2018/11/8 8:07,103,0,下水井盖,2,-,秀新社区,大工业区水务有限公司,公用部件,185
1,投诉,17,社区管理,@坪山,1,1,414,坪山区,10005,118568,104,0,1,1681,坪山街道,2018/11/8 8:08,103,0,道路塌陷、盖板坍塌,2,-,坪山社区,交通轨道办,住宅区（园区）或建筑物内安全、环卫问题,120
1,投诉,6,市政设施,@坪山,1,1,665,坪山区,10020,118570,101,0,1,1889,龙田街道,2018/11/8 8:09,103,0,道路破损,2,-,龙田社区,坪山交通运输局,市政、公共设施设置及维护,186
1,投诉,6,市政设施,@坪山,1,1,644,坪山区,10022,118572,105,0,1,1889,坑梓街道,2018/11/8 8:11,103,0,防撞柱,2,-,秀新社区,坪山交通运输局,公用部件,185
1,投诉,6,市政设施,@坪山,1,1,665,坪山区,10020,118576,101,0,1,1889,龙田街道,2018/11/8 8:14,103,0,道路破损,2,-,龙田社区,坪山交通运输局,市政、公共设施设置及维护,186
1,投诉,17,社区管理,@坪山,1,0,414,坪山区,10020,118577,101,1,1,1804,龙田街道,2018/11/8 8:15,103,0,道路塌陷、盖板坍塌,2,-,龙田社区,龙田社区（龙田街道办事处）,住宅区（园区）或建筑物内安全、环卫问题,120
1,投诉,6,市政设施,@坪山,1,1,630,坪山区,10012,118578,104,0,1,8516,坪山街道,2018/11/8 8:16,103,0,下水井盖,2,-,六和社区,大工业区水务有限公司,公用部件,185
1,投诉,5,市容环卫,@坪山,1,1,603,坪山区,10021,118579,105,0,1,1772,坑梓街道,2018/11/8 8:25,103,0,店外经营,2,-,沙田社区,城管办（坑梓街道办事处）,占道经营,178
1,投诉,5,市容环卫,美丽深圳,1,1,581,坪山区,10014,118594,101,0,1,1801,龙田街道,2018/11/8 8:32,102,0,暴露垃圾,2,-,老坑社区,市政服务中心（龙田街道办事处）,垃圾问题,172
1,投诉,6,市政设施,美丽深圳,1,1,630,坪山区,10014,118605,101,0,1,8516,龙田街道,2018/11/8 8:42,102,0,下水井盖,2,-,老坑社区,大工业区水务有限公司,公用部件,185
1,投诉,6,市政设施,@坪山,1,1,630,坪山区,10014,118615,101,0,1,8516,龙田街道,2018/11/8 8:53,103,0,下水井盖,2,-,老坑社区,大工业区水务有限公司,公用部件,185
1,建议,17,社区管理,政府信箱,1,1,408,坪山区,10012,118618,104,0,1,1583,坪山街道,2018/11/8 8:56,104,0,社区公共管理,4,-,六和社区,城市管理局,社区公共管理,118
1,投诉,3,环保水务,12319,1,1,491,坪山区,10019,118636,105,0,1,1770,坑梓街道,2018/11/8 9:16,12,0,垃圾臭味扰民,2,-,金沙社区,市政服务中心（坑梓街道办事处）,服务行业废气扰民,140
1,投诉,5,市容环卫,12319,1,1,603,坪山区,10012,118649,104,0,1,8484,坪山街道,2018/11/8 9:24,12,0,店外经营,2,-,六和社区,坪山街道综合执法队（坪山街道办事处）,占道经营,178
1,投诉,5,市容环卫,美丽深圳,1,1,602,坪山区,10013,118657,101,0,1,8508,龙田街道,2018/11/8 9:37,102,0,无照经营游商,2,-,竹坑社区,龙田街道综合执法队（龙田街道办事处）,占道经营,178
1,投诉,7,交通运输,政府信箱,1,1,681,坪山区,10002,118658,100,0,1,1681,碧岭街道,2018/11/8 9:38,104,0,公共交通管理,2,-,汤坑社区,交通轨道办,公共交通管理,193
1,投诉,5,市容环卫,美丽深圳,1,1,581,坪山区,10010,118667,100,0,1,8523,碧岭街道,2018/11/8 9:47,102,0,暴露垃圾,2,-,沙湖社区,碧岭办事处市政服务中心（碧岭街道办事处）,垃圾问题,172
1,求决,7,交通运输,政府信箱,1,1,674,坪山区,10013,118672,101,0,1,1920,龙田街道,2018/11/8 9:53,104,0,道路规划建设,1,-,竹坑社区,市交警支队坪山大队,道路规划建设,189
1,投诉,8,劳动社保,12345,1,1,211,坪山区,10003,118676,102,0,1,9770,马峦街道,2018/11/8 10:09,13,0,经营者欠薪后逃逸、隐匿，或因欠薪被劳动者投诉,2,-,江岭社区,区指挥中心,劳动就业,34
1,投诉,3,环保水务,12345,1,1,463,坪山区,10019,118677,105,0,1,1536,坑梓街道,2018/11/8 10:09,13,0,施工噪音,2,-,金沙社区,环境保护和水务局,建筑施工噪声,133
1,投诉,3,环保水务,12319,1,1,486,坪山区,10022,118685,105,0,1,1536,坑梓街道,2018/11/8 10:27,12,0,油烟污染,2,-,秀新社区,环境保护和水务局,服务行业废气扰民,140
1,投诉,6,市政设施,@坪山,1,1,644,坪山区,10002,118688,100,0,1,1889,碧岭街道,2018/11/8 10:29,103,0,防撞柱,2,-,汤坑社区,坪山交通运输局,公用部件,185
1,投诉,15,民政服务,12345,1,1,1076,坪山区,10002,118690,100,0,1,-,碧岭街道,2018/11/8 10:41,13,0,社团管理,2,-,汤坑社区,-,社会组织,107
1,投诉,6,市政设施,@坪山,1,1,667,坪山区,10022,118697,105,0,1,1932,坑梓街道,2018/11/8 11:14,103,0,无证掘路,2,-,秀新社区,坪山供电局,市政、公共设施设置及维护,186
1,投诉,5,市容环卫,@坪山,1,1,581,坪山区,10009,118699,100,0,1,1876,碧岭街道,2018/11/8 11:20,103,0,暴露垃圾,2,-,碧岭社区,城管办（碧岭街道办事处）,垃圾问题,172
1,投诉,1,安全隐患,@坪山,1,1,231,坪山区,10006,118700,102,0,1,1920,马峦街道,2018/11/8 11:26,103,0,交通拥堵,2,-,沙n社区,市交警支队坪山大队,道路交通安全,27
1,投诉,5,市容环卫,@坪山,1,0,584,坪山区,10012,118701,104,1,1,1754,坪山街道,2018/11/8 11:29,103,0,积存垃圾渣土,2,-,六和社区,六和社区（坪山街道办事处）,渣土问题,173
1,投诉,6,市政设施,政府信箱,1,1,809,坪山区,10008,118702,103,0,1,1536,石井街道,2018/11/8 11:40,104,0,其他施工管理问题,2,-,田头社区,环境保护和水务局,市政、公共设施设置及维护,186
1,投诉,4,规土城建,政府信箱,1,1,965,坪山区,10012,118703,104,0,1,1681,坪山街道,2018/11/8 11:48,104,0,城市公共设施,2,-,六和社区,交通轨道办,城市建设和市政管理,964
1,投诉,1,安全隐患,@坪山,1,1,233,坪山区,10007,118704,104,0,1,1920,坪山街道,2018/11/8 11:49,103,0,机动车和驾驶员管理,2,-,六联社区,市交警支队坪山大队,道路交通安全,27
1,投诉,8,劳动社保,12345,1,1,212,坪山区,10017,118705,103,0,1,1529,石井街道,2018/11/8 11:53,13,0,未妥善处理劳动者工资或经济补偿金问题,2,-,石井社区,人力资源局,劳动就业,34
1,投诉,6,市政设施,@坪山,1,1,823,坪山区,10019,123038,105,0,1,1646,坑梓街道,2018/11/19 22:22,103,0,路灯,2,-,金沙社区,建筑工务局,公用部件,185
1,投诉,3,环保水务,@坪山,1,1,484,坪山区,10019,125214,105,0,1,1536,坑梓街道,2018/11/26 8:20,103,0,工业废气,2,-,金沙社区,环境保护和水务局,工业、住宅废气扰民,139
1,投诉,7,交通运输,@坪山,1,1,681,坪山区,10007,125215,104,0,1,1920,坪山街道,2018/11/26 8:28,103,0,公共交通管理,2,-,六联社区,市交警支队坪山大队,公共交通管理,193
1,投诉,6,市政设施,固话投诉,1,1,671,坪山区,10015,125219,105,0,1,8516,坑梓街道,2018/11/26 8:31,106,0,道路积水,2,-,坑梓社区,大工业区水务有限公司,城市公共资源管理,187
1,投诉,6,市政设施,美丽深圳,1,1,671,坪山区,10021,125229,105,0,1,1770,坑梓街道,2018/11/26 8:37,102,0,道路积水,2,-,沙田社区,市政服务中心（坑梓街道办事处）,城市公共资源管理,187
1,投诉,6,市政设施,固话投诉,1,1,809,坪山区,10017,125238,103,0,1,1536,石井街道,2018/11/26 8:43,106,0,其他施工管理问题,2,-,石井社区,环境保护和水务局,市政、公共设施设置及维护,186
1,投诉,5,市容环卫,美丽深圳,1,1,602,坪山区,10013,125254,101,0,1,8508,龙田街道,2018/11/26 8:52,102,0,无照经营游商,2,-,竹坑社区,龙田街道综合执法队（龙田街道办事处）,占道经营,178
1,投诉,5,市容环卫,美丽深圳,1,1,595,坪山区,10015,125258,105,0,1,1583,坑梓街道,2018/11/26 8:57,102,0,行道树倒压占路,2,-,坑梓社区,城市管理局,绿化养护,176
1,投诉,1,安全隐患,固话投诉,1,1,579,坪山区,10010,125278,100,0,1,1878,碧岭街道,2018/11/26 9:13,106,0,电动车存消防安全隐患,2,-,沙湖社区,消安委办（碧岭街道办事处）,线路消防安全,23
1,投诉,3,环保水务,美丽深圳,1,1,538,坪山区,10007,125284,104,0,1,1536,坪山街道,2018/11/26 9:17,102,0,下水道堵塞或破损,2,-,六联社区,环境保护和水务局,供、排水及水质问题,152
1,投诉,5,市容环卫,美丽深圳,1,1,611,坪山区,10007,125285,104,0,1,8484,坪山街道,2018/11/26 9:17,102,0,悬挂横幅标语、,2,-,六联社区,坪山街道综合执法队（坪山街道办事处）,宣传广告违法行为,180
1,投诉,5,市容环卫,美丽深圳,1,1,591,坪山区,10007,125295,104,0,1,1583,坪山街道,2018/11/26 9:27,102,0,绿化带养护,2,-,六联社区,城市管理局,绿化养护,176
1,投诉,6,市政设施,12345,1,0,809,坪山区,10004,125300,102,1,1,1891,马峦街道,2018/11/26 9:29,13,0,其他施工管理问题,2,-,坪环社区,坪山公安分局,市政、公共设施设置及维护,186
1,投诉,5,市容环卫,@坪山,1,1,605,坪山区,10012,125303,104,0,1,1920,坪山街道,2018/11/26 9:31,103,0,机动车乱停放,2,-,六和社区,市交警支队坪山大队,车辆乱停放,179
1,投诉,5,市容环卫,美丽深圳,1,1,595,坪山区,10007,125304,104,0,1,1751,坪山街道,2018/11/26 9:32,102,0,行道树倒压占路,2,-,六联社区,市政服务中心（坪山街道办事处）,绿化养护,176
1,投诉,5,市容环卫,美丽深圳,1,1,584,坪山区,10007,125314,104,0,1,8484,坪山街道,2018/11/26 9:37,102,0,积存垃圾渣土,2,-,六联社区,坪山街道综合执法队（坪山街道办事处）,渣土问题,173
1,建议,6,市政设施,12345,1,1,830,坪山区,10005,125321,104,0,1,1565,坪山街道,2018/11/26 9:46,13,0,停车场,4,-,坪山社区,卫生和计划生育局,交通设施,183
1,投诉,6,市政设施,12345,1,1,809,坪山区,10022,125322,105,0,1,1536,坑梓街道,2018/11/26 9:46,13,0,其他施工管理问题,2,-,秀新社区,环境保护和水务局,市政、公共设施设置及维护,186
1,咨询,3,环保水务,12345,1,1,955,坪山区,10004,125323,102,0,1,1536,马峦街道,2018/11/26 9:46,13,0,生态示范和模范城区创建,3,-,坪环社区,环境保护和水务局,环保管理,954
1,投诉,4,规土城建,12345,1,1,960,坪山区,10013,125324,101,0,1,1803,龙田街道,2018/11/26 9:46,13,0,规划方案,2,-,竹坑社区,竹坑社区（龙田街道办事处）,城乡规划,161
1,投诉,6,市政设施,美丽深圳,1,1,630,坪山区,10010,125325,100,0,1,8516,碧岭街道,2018/11/26 9:47,102,0,下水井盖,2,-,沙湖社区,大工业区水务有限公司,公用部件,185
1,投诉,5,市容环卫,美丽深圳,1,1,584,坪山区,10007,125326,104,0,1,1751,坪山街道,2018/11/26 9:47,102,0,积存垃圾渣土,2,-,六联社区,市政服务中心（坪山街道办事处）,渣土问题,173
1,投诉,5,市容环卫,美丽深圳,1,1,590,坪山区,10019,125327,105,0,1,1583,坑梓街道,2018/11/26 9:47,102,0,公共绿地养护,2,-,金沙社区,城市管理局,绿化养护,176
1,咨询,4,规土城建,@坪山,1,1,559,坪山区,10002,125331,100,0,1,1555,碧岭街道,2018/11/26 9:54,103,0,房地产,3,-,汤坑社区,住房和建设局,住房保障和房地产,162
1,投诉,3,环保水务,@坪山,1,1,478,坪山区,10019,125332,105,0,1,1891,坑梓街道,2018/11/26 9:57,103,0,假日住宅楼噪声,2,-,金沙社区,坪山公安分局,社会生活噪声,137
1,投诉,6,市政设施,@坪山,1,0,753,坪山区,10004,125333,102,1,1,1855,马峦街道,2018/11/26 10:00,103,0,社区公园设施隐患,2,-,坪环社区,坪环社区（马峦街道办事处）,市政、公共设施设置及维护,186
1,投诉,6,市政设施,@坪山,1,1,644,坪山区,10004,125334,102,0,1,1889,马峦街道,2018/11/26 10:00,103,0,防撞柱,2,-,坪环社区,坪山交通运输局,公用部件,185
1,投诉,3,环保水务,12345,1,1,460,坪山区,10020,125335,101,0,1,1536,龙田街道,2018/11/26 10:02,13,0,工业红线内噪声,2,-,龙田社区,环境保护和水务局,工业噪声,132
1,投诉,3,环保水务,12345,1,1,460,坪山区,10012,125336,104,0,1,1536,坪山街道,2018/11/26 10:02,13,0,工业红线内噪声,2,-,六和社区,环境保护和水务局,工业噪声,132
1,投诉,3,环保水务,12345,1,1,483,坪山区,10014,125337,101,0,1,8508,龙田街道,2018/11/26 10:02,13,0,养殖废气,2,-,老坑社区,龙田街道综合执法队（龙田街道办事处）,禽畜养殖污染,138
1,投诉,3,环保水务,12345,1,1,460,坪山区,10013,125338,101,0,1,1536,龙田街道,2018/11/26 10:02,13,0,工业红线内噪声,2,-,竹坑社区,环境保护和水务局,工业噪声,132
1,投诉,1,安全隐患,12345,1,1,292,坪山区,10017,125339,103,0,1,1536,石井街道,2018/11/26 10:02,13,0,施工安全隐患,2,-,石井社区,环境保护和水务局,建设工程质量,49
1,投诉,11,教育卫生,12345,1,1,324,坪山区,10003,125340,102,0,1,1565,马峦街道,2018/11/26 10:02,13,0,有证药店非法行医,2,-,江岭社区,卫生和计划生育局,医疗机构违规经营,73
1,投诉,6,市政设施,12345,1,1,850,坪山区,10015,125341,105,0,1,1784,坑梓街道,2018/11/26 10:02,13,0,化粪池,2,-,坑梓社区,坑梓社区（坑梓街道办事处）,环卫设施设置及维护,182
1,投诉,3,环保水务,12345,1,1,466,坪山区,10022,125342,105,0,1,1772,坑梓街道,2018/11/26 10:02,13,0,商业经营红线外噪声,2,-,秀新社区,城管办（坑梓街道办事处）,商业经营噪声,134
1,投诉,3,环保水务,12345,1,1,460,坪山区,10019,125343,105,0,1,1536,坑梓街道,2018/11/26 10:02,13,0,工业红线内噪声,2,-,金沙社区,环境保护和水务局,工业噪声,132
1,投诉,5,市容环卫,美丽深圳,1,1,591,坪山区,10015,114514,105,0,1,1770,坑梓街道,2018/10/29 18:07,102,0,绿化带养护,2,-,坑梓社区,市政服务中心（坑梓街道办事处）,绿化养护,176
1,投诉,6,市政设施,12345,1,1,830,坪山区,10009,114516,100,0,1,1920,碧岭街道,2018/10/29 18:25,13,0,停车场,2,-,碧岭社区,市交警支队坪山大队,交通设施,183
1,投诉,4,规土城建,12345,1,1,960,坪山区,10007,114517,104,0,1,1751,坪山街道,2018/10/29 18:25,13,0,规划方案,2,-,六联社区,市政服务中心（坪山街道办事处）,城乡规划,161
1,投诉,5,市容环卫,美丽深圳,1,1,602,坪山区,10019,114519,105,0,1,1772,坑梓街道,2018/10/29 18:37,102,0,无照经营游商,2,-,金沙社区,城管办（坑梓街道办事处）,占道经营,178
1,建议,6,市政设施,12319,1,1,633,坪山区,10007,114520,104,0,1,1583,坪山街道,2018/10/29 18:48,12,0,路灯(灯光)井盖,4,-,六联社区,城市管理局,公用部件,185
1,咨询,5,市容环卫,12345,1,1,1161,坪山区,10021,114522,105,0,1,1920,坑梓街道,2018/10/29 18:57,13,0,城市管理,3,-,沙田社区,市交警支队坪山大队,市容城管,1159
1,投诉,3,环保水务,12345,1,1,742,坪山区,10018,114523,101,0,1,1536,龙田街道,2018/10/29 18:57,13,0,超时施工,2,-,南布社区,环境保护和水务局,建筑施工噪声,133
1,投诉,3,环保水务,12345,1,1,742,坪山区,10018,114524,101,0,1,1536,龙田街道,2018/10/29 18:57,13,0,超时施工,2,-,南布社区,环境保护和水务局,建筑施工噪声,133
1,投诉,3,环保水务,12345,1,1,742,坪山区,10018,114525,101,0,1,1536,龙田街道,2018/10/29 18:57,13,0,超时施工,2,-,南布社区,环境保护和水务局,建筑施工噪声,133
1,投诉,9,食药市监,12345,1,1,277,坪山区,10009,114526,100,0,1,1555,碧岭街道,2018/10/29 18:57,13,0,市场垄断,2,-,碧岭社区,住房和建设局,市场垄断,55
1,投诉,3,环保水务,12319,1,1,460,坪山区,10004,114531,102,0,1,1536,马峦街道,2018/10/29 19:34,12,0,工业红线内噪声,2,-,坪环社区,环境保护和水务局,工业噪声,132
1,建议,10,文体旅游,@坪山,1,1,1003,坪山区,10016,114532,104,0,1,1435,坪山街道,2018/10/29 19:45,103,0,精神文明建设,4,-,和平社区,区委宣传部（文体旅游局）,宣传舆论,1002
1,投诉,3,环保水务,@坪山,1,1,463,坪山区,10014,114533,101,0,1,1536,龙田街道,2018/10/29 19:52,103,0,施工噪音,2,-,老坑社区,环境保护和水务局,建筑施工噪声,133
1,投诉,7,交通运输,@坪山,1,1,681,坪山区,10014,114537,101,0,1,1889,龙田街道,2018/10/29 20:07,103,0,公共交通管理,2,-,老坑社区,坪山交通运输局,公共交通管理,193
1,投诉,7,交通运输,@坪山,1,1,681,坪山区,10014,114539,101,0,1,1889,龙田街道,2018/10/29 20:14,103,0,公共交通管理,2,-,老坑社区,坪山交通运输局,公共交通管理,193
1,投诉,5,市容环卫,@坪山,1,1,602,坪山区,10019,114540,105,0,1,1772,坑梓街道,2018/10/29 20:16,103,0,无照经营游商,2,-,金沙社区,城管办（坑梓街道办事处）,占道经营,178
1,投诉,5,市容环卫,@坪山,1,1,589,坪山区,10007,114543,104,0,1,1755,坪山街道,2018/10/29 20:36,103,0,树木养护,2,-,六联社区,六联社区（坪山街道办事处）,绿化养护,176
1,投诉,3,环保水务,12319,1,1,485,坪山区,10005,114549,104,0,1,1756,坪山街道,2018/10/29 21:50,12,0,住宅废气,2,-,坪山社区,坪山社区（坪山街道办事处）,工业、住宅废气扰民,139
1,投诉,3,环保水务,@坪山,1,1,472,坪山区,10013,114552,101,0,1,1920,龙田街道,2018/10/29 22:34,103,0,机动车噪声,2,-,竹坑社区,市交警支队坪山大队,交通运输噪声,136
1,投诉,3,环保水务,@坪山,1,1,742,坪山区,10004,114553,102,0,1,1536,马峦街道,2018/10/29 22:45,103,0,超时施工,2,-,坪环社区,环境保护和水务局,建筑施工噪声,133
1,投诉,3,环保水务,@坪山,1,1,472,坪山区,10013,114555,101,0,1,1920,龙田街道,2018/10/29 22:49,103,0,机动车噪声,2,-,竹坑社区,市交警支队坪山大队,交通运输噪声,136
1,咨询,8,劳动社保,政府信箱,1,1,977,坪山区,10005,114556,104,0,1,1424,坪山街道,2018/10/29 22:54,104,0,最低工资标准,3,-,坪山社区,区委组织部,劳动就业,34
1,投诉,7,交通运输,@坪山,1,1,681,坪山区,10014,114557,101,0,1,1889,龙田街道,2018/10/29 23:08,103,0,公共交通管理,2,-,老坑社区,坪山交通运输局,公共交通管理,193
1,投诉,3,环保水务,政府信箱,1,1,742,坪山区,10018,114558,101,0,1,1536,龙田街道,2018/10/29 23:19,104,0,超时施工,2,-,南布社区,环境保护和水务局,建筑施工噪声,133
1,投诉,3,环保水务,12319,1,1,742,坪山区,10018,114559,101,0,1,1536,龙田街道,2018/10/29 23:20,12,0,超时施工,2,-,南布社区,环境保护和水务局,建筑施工噪声,133
1,投诉,17,社区管理,@坪山,1,1,408,坪山区,10020,114560,101,0,1,1889,龙田街道,2018/10/29 23:25,103,0,社区公共管理,2,-,龙田社区,坪山交通运输局,社区公共管理,118
1,投诉,3,环保水务,12319,1,1,465,坪山区,10022,114563,105,0,1,1772,坑梓街道,2018/10/30 2:34,12,0,商业经营红线内噪声,2,-,秀新社区,城管办（坑梓街道办事处）,商业经营噪声,134
1,投诉,3,环保水务,@坪山,1,1,484,坪山区,10003,114564,102,0,1,1536,马峦街道,2018/10/30 4:54,103,0,工业废气,2,-,江岭社区,环境保护和水务局,工业、住宅废气扰民,139
1,投诉,5,市容环卫,美丽深圳,1,1,591,坪山区,10019,114565,105,0,1,1583,坑梓街道,2018/10/30 6:32,102,0,绿化带养护,2,-,金沙社区,城市管理局,绿化养护,176
1,投诉,5,市容环卫,美丽深圳,1,1,591,坪山区,10019,114566,105,0,1,1583,坑梓街道,2018/10/30 6:32,102,0,绿化带养护,2,-,金沙社区,城市管理局,绿化养护,176
1,投诉,5,市容环卫,美丽深圳,1,1,591,坪山区,10022,114567,105,0,1,1583,坑梓街道,2018/10/30 6:47,102,0,绿化带养护,2,-,秀新社区,城市管理局,绿化养护,176
1,投诉,5,市容环卫,美丽深圳,1,1,602,坪山区,10007,114568,104,0,1,8484,坪山街道,2018/10/30 7:07,102,0,无照经营游商,2,-,六联社区,坪山街道综合执法队（坪山街道办事处）,占道经营,178
1,投诉,3,环保水务,@坪山,1,1,472,坪山区,10013,114570,101,0,1,1920,龙田街道,2018/10/30 7:30,103,0,机动车噪声,2,-,竹坑社区,市交警支队坪山大队,交通运输噪声,136
1,投诉,5,市容环卫,美丽深圳,1,1,591,坪山区,10022,114571,105,0,1,1770,坑梓街道,2018/10/30 7:37,102,0,绿化带养护,2,-,秀新社区,市政服务中心（坑梓街道办事处）,绿化养护,176
1,咨询,3,环保水务,@坪山,1,1,472,坪山区,10013,114572,101,0,1,1920,龙田街道,2018/10/30 7:39,103,0,机动车噪声,3,-,竹坑社区,市交警支队坪山大队,交通运输噪声,136
1,投诉,5,市容环卫,@坪山,1,1,602,坪山区,10012,114573,104,0,1,8484,坪山街道,2018/10/30 7:49,103,0,无照经营游商,2,-,六和社区,坪山街道综合执法队（坪山街道办事处）,占道经营,178
1,投诉,5,市容环卫,美丽深圳,1,1,602,坪山区,10022,122508,105,0,1,1772,坑梓街道,2018/11/18 9:22,102,0,无照经营游商,2,-,秀新社区,城管办（坑梓街道办事处）,占道经营,178
1,投诉,6,市政设施,@坪山,1,1,634,坪山区,10004,122520,102,0,1,10000,马峦街道,2018/11/18 9:50,103,0,通讯井盖,2,-,坪环社区,坪山联通营业中心,公用部件,185
1,投诉,3,环保水务,美丽深圳,1,1,742,坪山区,10007,122521,104,0,1,1555,坪山街道,2018/11/18 9:52,102,0,超时施工,2,-,六联社区,住房和建设局,建筑施工噪声,133
1,投诉,1,安全隐患,12319,1,1,713,坪山区,10004,122526,102,0,1,1555,马峦街道,2018/11/18 10:03,12,0,燃气经营与服务,2,-,坪环社区,住房和建设局,燃气安全,24
1,投诉,1,安全隐患,12319,1,1,232,坪山区,10020,122532,101,0,1,1801,龙田街道,2018/11/18 10:21,12,0,交通事故,2,-,龙田社区,市政服务中心（龙田街道办事处）,道路交通安全,27
1,投诉,3,环保水务,@坪山,1,1,461,坪山区,10013,122542,101,0,1,1536,龙田街道,2018/11/18 10:42,103,0,工业红线外噪声,2,-,竹坑社区,环境保护和水务局,工业噪声,132
1,投诉,3,环保水务,@坪山,1,1,460,坪山区,10013,122544,101,0,1,1536,龙田街道,2018/11/18 10:50,103,0,工业红线内噪声,2,-,竹坑社区,环境保护和水务局,工业噪声,132
1,投诉,3,环保水务,@坪山,1,1,461,坪山区,10013,122546,101,0,1,1536,龙田街道,2018/11/18 11:06,103,0,工业红线外噪声,2,-,竹坑社区,环境保护和水务局,工业噪声,132
1,投诉,1,安全隐患,12319,1,1,292,坪山区,10022,122547,105,0,1,1536,坑梓街道,2018/11/18 11:08,12,0,施工安全隐患,2,-,秀新社区,环境保护和水务局,建设工程质量,49
1,投诉,11,教育卫生,@坪山,1,1,1022,坪山区,10019,122548,105,0,1,1500,坑梓街道,2018/11/18 11:12,103,0,教育资源配置,2,-,金沙社区,教育局,教育体制,1019
1,咨询,1,安全隐患,@坪山,1,1,234,坪山区,10019,122549,105,0,1,1920,坑梓街道,2018/11/18 11:32,103,0,指示牌及红绿灯设置,3,-,金沙社区,市交警支队坪山大队,道路交通安全,27
1,投诉,5,市容环卫,固话投诉,1,1,602,坪山区,10003,122550,102,0,1,8532,马峦街道,2018/11/18 11:54,106,0,无照经营游商,2,-,江岭社区,马峦办事处综合执法队（马峦街道办事处）,占道经营,178
1,投诉,1,安全隐患,12319,1,1,292,坪山区,10007,122551,104,0,1,1536,坪山街道,2018/11/18 12:01,12,0,施工安全隐患,2,-,六联社区,环境保护和水务局,建设工程质量,49
1,投诉,1,安全隐患,@坪山,1,1,289,坪山区,10007,122553,104,0,1,1536,坪山街道,2018/11/18 12:22,103,0,擅自开工建设,2,-,六联社区,环境保护和水务局,建设工程质量,49
1,投诉,3,环保水务,美丽深圳,1,1,538,坪山区,10020,122555,101,0,1,8516,龙田街道,2018/11/18 12:52,102,0,下水道堵塞或破损,2,-,龙田社区,大工业区水务有限公司,供、排水及水质问题,152
1,咨询,7,交通运输,@坪山,1,1,681,坪山区,10013,122556,101,0,1,1889,龙田街道,2018/11/18 12:59,103,0,公共交通管理,3,-,竹坑社区,坪山交通运输局,公共交通管理,193
1,投诉,13,党建群团,@坪山,1,1,358,坪山区,10013,122557,101,0,1,1803,龙田街道,2018/11/18 12:59,103,0,党的建设,2,-,竹坑社区,竹坑社区（龙田街道办事处）,党的建设,92
1,投诉,5,市容环卫,@坪山,1,1,605,坪山区,10017,122560,103,0,1,1920,石井街道,2018/11/18 13:40,103,0,机动车乱停放,2,-,石井社区,市交警支队坪山大队,车辆乱停放,179
1,投诉,5,市容环卫,固话投诉,1,1,586,坪山区,10020,122607,101,0,1,1801,龙田街道,2018/11/18 14:33,106,0,道路遗撒,2,-,龙田社区,市政服务中心（龙田街道办事处）,道路保洁,174
1,投诉,4,规土城建,@坪山,1,1,559,坪山区,10019,122626,105,0,1,1555,坑梓街道,2018/11/18 14:46,103,0,房地产,2,-,金沙社区,住房和建设局,住房保障和房地产,162
1,投诉,11,教育卫生,@坪山,1,1,1021,坪山区,10019,122634,105,0,1,1500,坑梓街道,2018/11/18 14:58,103,0,教育统筹管理,2,-,金沙社区,教育局,教育体制,1019
1,咨询,11,教育卫生,@坪山,1,1,1021,坪山区,10019,122635,105,0,1,1500,坑梓街道,2018/11/18 14:58,103,0,教育统筹管理,3,-,金沙社区,教育局,教育体制,1019
1,投诉,3,环保水务,12319,1,1,511,坪山区,10009,122645,100,0,1,8523,碧岭街道,2018/11/18 15:35,12,0,公共场所扬尘,2,-,碧岭社区,碧岭办事处市政服务中心（碧岭街道办事处）,扬尘污染,142
1,投诉,5,市容环卫,@坪山,1,1,603,坪山区,10006,122646,102,0,1,8532,马峦街道,2018/11/18 15:36,103,0,店外经营,2,-,沙n社区,马峦办事处综合执法队（马峦街道办事处）,占道经营,178
1,投诉,5,市容环卫,@坪山,1,0,615,坪山区,10006,122649,102,1,1,8454,马峦街道,2018/11/18 15:41,103,0,乱堆物堆料,2,-,沙n社区,坪山自来水有限公司,其他市容违法行为或影响市容事件,181
1,投诉,3,环保水务,12319,1,1,486,坪山区,10022,122657,105,0,1,1536,坑梓街道,2018/11/18 16:07,12,0,油烟污染,2,-,秀新社区,环境保护和水务局,服务行业废气扰民,140
1,投诉,9,食药市监,@坪山,1,1,263,坪山区,10012,122660,104,0,1,1918,坪山街道,2018/11/18 16:45,103,0,违规收费、价格欺诈,2,-,六和社区,市市场和质量监管委坪山局,价格监管,47
1,投诉,6,市政设施,固话投诉,1,-,672,坪山区,10013,122662,101,-,1,1932,龙田街道,2018/11/18 16:49,106,0,架空线缆损坏,2,-,竹坑社区,坪山供电局,城市公共资源管理,187
1,投诉,5,市容环卫,固话投诉,1,0,1162,坪山区,10009,122664,100,1,1,1862,碧岭街道,2018/11/18 16:55,106,0,综合执法,2,-,碧岭社区,碧岭社区（碧岭街道办事处）,市容城管,1159
1,投诉,5,市容环卫,美丽深圳,1,1,591,坪山区,10022,122665,105,0,1,1785,坑梓街道,2018/11/18 17:08,102,0,绿化带养护,2,-,秀新社区,秀新社区（坑梓街道办事处）,绿化养护,176
1,投诉,4,规土城建,12319,1,0,548,坪山区,10006,122666,102,1,1,1841,马峦街道,2018/11/18 17:10,12,0,违法在建建筑,2,-,沙n社区,城市管理办公室（马峦街道办事处）,违法建筑与用地行为,158
1,投诉,3,环保水务,美丽深圳,1,1,538,坪山区,10022,122667,105,0,1,1536,坑梓街道,2018/11/18 17:13,102,0,下水道堵塞或破损,2,-,秀新社区,环境保护和水务局,供、排水及水质问题,152
1,投诉,5,市容环卫,美丽深圳,1,1,589,坪山区,10022,122668,105,0,1,1785,坑梓街道,2018/11/18 17:18,102,0,树木养护,2,-,秀新社区,秀新社区（坑梓街道办事处）,绿化养护,176
1,投诉,17,社区管理,@坪山,1,1,406,坪山区,10013,122670,101,0,1,1555,龙田街道,2018/11/18 17:35,103,0,业主委员会与物业管理公司的纠纷,2,-,竹坑社区,住房和建设局,物业服务管理监督,117
1,投诉,5,市容环卫,@坪山,1,1,603,坪山区,10016,115437,104,0,1,8484,坪山街道,2018/10/31 19:19,103,0,店外经营,2,-,和平社区,坪山街道综合执法队（坪山街道办事处）,占道经营,178
1,投诉,3,环保水务,12319,1,1,482,坪山区,10008,123039,103,0,1,8535,石井街道,2018/11/19 22:37,12,0,饲养宠物家禽扰民,2,-,田头社区,石井办事处综合执法队（石井街道办事处）,禽畜养殖污染,138
1,投诉,6,市政设施,固话投诉,1,1,630,坪山区,10006,123040,102,0,1,8516,马峦街道,2018/11/19 23:44,106,0,下水井盖,2,-,沙n社区,大工业区水务有限公司,公用部件,185
1,投诉,3,环保水务,12319,1,1,742,坪山区,10004,123041,102,0,1,1536,马峦街道,2018/11/20 0:18,12,0,超时施工,2,-,坪环社区,环境保护和水务局,建筑施工噪声,133
1,投诉,3,环保水务,@坪山,1,1,742,坪山区,10004,123043,102,0,1,1536,马峦街道,2018/11/20 3:37,103,0,超时施工,2,-,坪环社区,环境保护和水务局,建筑施工噪声,133
1,投诉,3,环保水务,@坪山,1,1,742,坪山区,10007,123044,104,0,1,1536,坪山街道,2018/11/20 6:21,103,0,超时施工,2,-,六联社区,环境保护和水务局,建筑施工噪声,133
1,投诉,3,环保水务,@坪山,1,1,461,坪山区,10013,123045,101,0,1,1536,龙田街道,2018/11/20 6:34,103,0,工业红线外噪声,2,-,竹坑社区,环境保护和水务局,工业噪声,132
1,投诉,3,环保水务,@坪山,1,1,742,坪山区,10012,123046,104,0,1,1536,坪山街道,2018/11/20 6:37,103,0,超时施工,2,-,六和社区,环境保护和水务局,建筑施工噪声,133
1,投诉,1,安全隐患,@坪山,1,1,291,坪山区,10013,123047,101,0,1,1555,龙田街道,2018/11/20 6:47,103,0,房屋质量安全隐患,2,-,竹坑社区,住房和建设局,建设工程质量,49
1,投诉,3,环保水务,@坪山,1,1,742,坪山区,10003,123048,102,0,1,1536,马峦街道,2018/11/20 7:14,103,0,超时施工,2,-,江岭社区,环境保护和水务局,建筑施工噪声,133
1,投诉,6,市政设施,美丽深圳,1,0,629,坪山区,10020,123049,101,1,1,1804,龙田街道,2018/11/20 7:27,102,0,上水井盖,2,-,龙田社区,龙田社区（龙田街道办事处）,公用部件,185
1,投诉,5,市容环卫,美丽深圳,1,1,752,坪山区,10020,123051,101,0,1,8508,龙田街道,2018/11/20 7:42,102,0,其他区域堆放施工废弃料,2,-,龙田社区,龙田街道综合执法队（龙田街道办事处）,废弃物堆放,177
1,投诉,5,市容环卫,美丽深圳,1,1,581,坪山区,10020,123052,101,0,1,1801,龙田街道,2018/11/20 7:42,102,0,暴露垃圾,2,-,龙田社区,市政服务中心（龙田街道办事处）,垃圾问题,172
1,投诉,3,环保水务,@坪山,1,1,539,坪山区,10017,123056,103,0,1,8454,石井街道,2018/11/20 7:52,103,0,供水设施故障,2,-,石井社区,坪山自来水有限公司,供、排水及水质问题,152
1,投诉,6,市政设施,@坪山,1,1,630,坪山区,10019,123059,105,0,1,8516,坑梓街道,2018/11/20 8:03,103,0,下水井盖,2,-,金沙社区,大工业区水务有限公司,公用部件,185
1,投诉,17,社区管理,@坪山,1,1,414,坪山区,10012,123061,104,0,1,1646,坪山街道,2018/11/20 8:05,103,0,道路塌陷、盖板坍塌,2,-,六和社区,建筑工务局,住宅区（园区）或建筑物内安全、环卫问题,120
1,投诉,6,市政设施,@坪山,1,1,665,坪山区,10022,123065,105,0,1,1889,坑梓街道,2018/11/20 8:11,103,0,道路破损,2,-,秀新社区,坪山交通运输局,市政、公共设施设置及维护,186
1,投诉,6,市政设施,@坪山,1,1,644,坪山区,10019,123067,105,0,1,1889,坑梓街道,2018/11/20 8:14,103,0,防撞柱,2,-,金沙社区,坪山交通运输局,公用部件,185
1,投诉,6,市政设施,@坪山,1,1,644,坪山区,10022,123069,105,0,1,1889,坑梓街道,2018/11/20 8:15,103,0,防撞柱,2,-,秀新社区,坪山交通运输局,公用部件,185
1,投诉,3,环保水务,12319,1,1,482,坪山区,10014,123070,101,0,1,8508,龙田街道,2018/11/20 8:16,12,0,饲养宠物家禽扰民,2,-,老坑社区,龙田街道综合执法队（龙田街道办事处）,禽畜养殖污染,138
1,投诉,6,市政设施,@坪山,1,1,665,坪山区,10019,123071,105,0,1,1889,坑梓街道,2018/11/20 8:17,103,0,道路破损,2,-,金沙社区,坪山交通运输局,市政、公共设施设置及维护,186
1,投诉,6,市政设施,@坪山,1,1,665,坪山区,10019,123072,105,0,1,1889,坑梓街道,2018/11/20 8:17,103,0,道路破损,2,-,金沙社区,坪山交通运输局,市政、公共设施设置及维护,186
1,投诉,5,市容环卫,@坪山,1,1,752,坪山区,10022,123075,105,0,1,1770,坑梓街道,2018/11/20 8:27,103,0,其他区域堆放施工废弃料,2,-,秀新社区,市政服务中心（坑梓街道办事处）,废弃物堆放,177
1,投诉,5,市容环卫,美丽深圳,1,1,602,坪山区,10012,123088,104,0,1,8484,坪山街道,2018/11/20 8:37,102,0,无照经营游商,2,-,六和社区,坪山街道综合执法队（坪山街道办事处）,占道经营,178
1,投诉,5,市容环卫,美丽深圳,1,1,603,坪山区,10021,123094,105,0,1,1772,坑梓街道,2018/11/20 8:42,102,0,店外经营,2,-,沙田社区,城管办（坑梓街道办事处）,占道经营,178
1,投诉,5,市容环卫,美丽深圳,1,1,603,坪山区,10021,123095,105,0,1,1772,坑梓街道,2018/11/20 8:42,102,0,店外经营,2,-,沙田社区,城管办（坑梓街道办事处）,占道经营,178
1,投诉,8,劳动社保,政府信箱,1,1,211,坪山区,10019,123121,105,0,1,1529,坑梓街道,2018/11/20 9:11,104,0,经营者欠薪后逃逸、隐匿，或因欠薪被劳动者投诉,2,-,金沙社区,人力资源局,劳动就业,34
1,投诉,3,环保水务,@坪山,1,1,462,坪山区,10013,123123,101,0,1,1920,龙田街道,2018/11/20 9:12,103,0,建筑运输噪声,2,-,竹坑社区,市交警支队坪山大队,建筑施工噪声,133
1,投诉,5,市容环卫,12319,1,1,602,坪山区,10012,123126,104,0,1,8484,坪山街道,2018/11/20 9:15,12,0,无照经营游商,2,-,六和社区,坪山街道综合执法队（坪山街道办事处）,占道经营,178
1,投诉,6,市政设施,美丽深圳,1,1,630,坪山区,10022,123161,105,0,1,8516,坑梓街道,2018/11/20 10:02,102,0,下水井盖,2,-,秀新社区,大工业区水务有限公司,公用部件,185
1,投诉,1,安全隐患,12319,1,1,292,坪山区,10015,123162,105,0,1,1772,坑梓街道,2018/11/20 10:04,12,0,施工安全隐患,2,-,坑梓社区,城管办（坑梓街道办事处）,建设工程质量,49
1,投诉,5,市容环卫,固话投诉,1,1,602,坪山区,10019,123166,105,0,1,1772,坑梓街道,2018/11/20 10:08,106,0,无照经营游商,2,-,金沙社区,城管办（坑梓街道办事处）,占道经营,178
1,投诉,5,市容环卫,美丽深圳,1,1,611,坪山区,10005,123168,104,0,1,8484,坪山街道,2018/11/20 10:12,102,0,悬挂横幅标语、,2,-,坪山社区,坪山街道综合执法队（坪山街道办事处）,宣传广告违法行为,180
1,投诉,5,市容环卫,美丽深圳,1,1,584,坪山区,10015,123173,105,0,1,1770,坑梓街道,2018/11/20 10:27,102,0,积存垃圾渣土,2,-,坑梓社区,市政服务中心（坑梓街道办事处）,渣土问题,173
1,投诉,8,劳动社保,@坪山,1,1,211,坪山区,10019,123174,105,0,1,1781,坑梓街道,2018/11/20 10:30,103,0,经营者欠薪后逃逸、隐匿，或因欠薪被劳动者投诉,2,-,金沙社区,劳动办（坑梓街道办事处）,劳动就业,34
1,投诉,5,市容环卫,@坪山,1,1,609,坪山区,10007,116049,104,0,1,8484,坪山街道,2018/11/1 22:03,103,0,未经批准设置广告牌,2,-,六联社区,坪山街道综合执法队（坪山街道办事处）,宣传广告违法行为,180
1,投诉,6,市政设施,美丽深圳,1,1,630,坪山区,10022,120288,105,0,1,8516,坑梓街道,2018/11/12 11:42,102,0,下水井盖,2,-,秀新社区,大工业区水务有限公司,公用部件,185
1,投诉,15,民政服务,12345,1,1,1076,坪山区,10002,120291,100,0,1,1510,碧岭街道,2018/11/12 12:09,13,0,社团管理,2,-,汤坑社区,民政局,社会组织,107
1,投诉,6,市政设施,12319,1,1,853,坪山区,10014,120292,101,0,1,1801,龙田街道,2018/11/12 12:18,12,0,垃圾箱,2,-,老坑社区,市政服务中心（龙田街道办事处）,环卫设施设置及维护,182
1,投诉,12,组织人事,12345,1,1,1043,坪山区,10013,120295,101,0,1,1789,龙田街道,2018/11/12 12:25,13,0,职务管理,2,-,竹坑社区,纪工委（龙田街道办事处）,编制职务,88
1,投诉,6,市政设施,美丽深圳,1,1,853,坪山区,10015,120296,105,0,1,1770,坑梓街道,2018/11/12 12:32,102,0,垃圾箱,2,-,坑梓社区,市政服务中心（坑梓街道办事处）,环卫设施设置及维护,182
1,建议,7,交通运输,政府信箱,1,1,681,坪山区,10002,120297,100,0,1,1681,碧岭街道,2018/11/12 12:42,104,0,公共交通管理,4,-,汤坑社区,交通轨道办,公共交通管理,193
1,投诉,7,交通运输,@坪山,1,1,674,坪山区,10013,120298,101,0,1,1889,龙田街道,2018/11/12 12:47,103,0,道路规划建设,2,-,竹坑社区,坪山交通运输局,道路规划建设,189
1,投诉,5,市容环卫,12345,1,1,616,坪山区,10007,120300,104,0,1,8484,坪山街道,2018/11/12 12:57,13,0,未经批准燃放烟花爆竹,2,-,六联社区,坪山街道综合执法队（坪山街道办事处）,其他市容违法行为或影响市容事件,181
1,投诉,4,规土城建,12345,1,1,960,坪山区,10013,120301,101,0,1,1803,龙田街道,2018/11/12 12:57,13,0,规划方案,2,-,竹坑社区,竹坑社区（龙田街道办事处）,城乡规划,161
1,投诉,4,规土城建,12345,1,1,562,坪山区,10007,120302,104,0,1,1755,坪山街道,2018/11/12 12:57,13,0,权属交易,2,-,六联社区,六联社区（坪山街道办事处）,住房保障和房地产,162
1,投诉,15,民政服务,固话投诉,1,0,1084,坪山区,10016,120306,104,1,1,1757,坪山街道,2018/11/12 13:32,106,0,社区建设,2,-,和平社区,和平社区（坪山街道办事处）,双拥优抚,795
1,投诉,3,环保水务,固话投诉,1,1,539,坪山区,10016,120309,104,0,1,8454,坪山街道,2018/11/12 13:38,106,0,供水设施故障,2,-,和平社区,坪山自来水有限公司,供、排水及水质问题,152
1,投诉,6,市政设施,@坪山,1,1,630,坪山区,10021,120312,105,0,1,8516,坑梓街道,2018/11/12 13:46,103,0,下水井盖,2,-,沙田社区,大工业区水务有限公司,公用部件,185
1,投诉,3,环保水务,12319,1,1,482,坪山区,10022,120347,105,0,1,1772,坑梓街道,2018/11/12 14:15,12,0,饲养宠物家禽扰民,2,-,秀新社区,城管办（坑梓街道办事处）,禽畜养殖污染,138
1,投诉,5,市容环卫,@坪山,1,1,591,坪山区,10014,120349,101,0,1,1583,龙田街道,2018/11/12 14:16,103,0,绿化带养护,2,-,老坑社区,城市管理局,绿化养护,176
1,咨询,3,环保水务,@坪山,1,1,484,坪山区,10019,120372,105,0,1,1889,坑梓街道,2018/11/12 14:34,103,0,工业废气,3,-,金沙社区,坪山交通运输局,工业、住宅废气扰民,139
1,投诉,4,规土城建,12345,1,1,562,坪山区,10007,120391,104,0,1,1755,坪山街道,2018/11/12 15:05,13,0,权属交易,2,-,六联社区,六联社区（坪山街道办事处）,住房保障和房地产,162
1,投诉,5,市容环卫,12345,1,1,1163,坪山区,10016,120392,104,0,1,1605,坪山街道,2018/11/12 15:06,13,0,违法建设,2,-,和平社区,规划土地监察大队,市容城管,1159
1,投诉,4,规土城建,12345,1,1,960,坪山区,10013,120393,101,0,1,1803,龙田街道,2018/11/12 15:06,13,0,规划方案,2,-,竹坑社区,竹坑社区（龙田街道办事处）,城乡规划,161
1,投诉,4,规土城建,12345,1,1,960,坪山区,10013,120394,101,0,1,1803,龙田街道,2018/11/12 15:06,13,0,规划方案,2,-,竹坑社区,竹坑社区（龙田街道办事处）,城乡规划,161
1,投诉,3,环保水务,12345,1,1,466,坪山区,10004,120395,102,0,1,1891,马峦街道,2018/11/12 15:06,13,0,商业经营红线外噪声,2,-,坪环社区,坪山公安分局,商业经营噪声,134
1,投诉,3,环保水务,12345,1,1,465,坪山区,10022,120396,105,0,1,1772,坑梓街道,2018/11/12 15:06,13,0,商业经营红线内噪声,2,-,秀新社区,城管办（坑梓街道办事处）,商业经营噪声,134
1,投诉,3,环保水务,12345,1,1,460,坪山区,10018,120397,101,0,1,1536,龙田街道,2018/11/12 15:06,13,0,工业红线内噪声,2,-,南布社区,环境保护和水务局,工业噪声,132
1,投诉,3,环保水务,12345,1,1,460,坪山区,10013,120398,101,0,1,1536,龙田街道,2018/11/12 15:06,13,0,工业红线内噪声,2,-,竹坑社区,环境保护和水务局,工业噪声,132
1,投诉,3,环保水务,12345,1,1,484,坪山区,10019,120399,105,0,1,1536,坑梓街道,2018/11/12 15:06,13,0,工业废气,2,-,金沙社区,环境保护和水务局,工业、住宅废气扰民,139
1,投诉,1,安全隐患,12345,1,1,315,坪山区,10012,120400,104,0,1,1646,坪山街道,2018/11/12 15:06,13,0,工程建设地质灾害,2,-,六和社区,建筑工务局,地质安全,60
1,投诉,6,市政设施,@坪山,1,1,871,坪山区,10013,120410,101,0,1,1536,龙田街道,2018/11/12 15:16,103,0,河湖堤坝,2,-,竹坑社区,环境保护和水务局,公用部件,185
1,投诉,4,规土城建,@坪山,1,1,965,坪山区,10013,120411,101,0,1,1583,龙田街道,2018/11/12 15:17,103,0,城市公共设施,2,-,竹坑社区,城市管理局,城市建设和市政管理,964
1,投诉,3,环保水务,@坪山,1,1,484,坪山区,10004,120412,102,0,1,8532,马峦街道,2018/11/12 15:17,103,0,工业废气,2,-,坪环社区,马峦办事处综合执法队（马峦街道办事处）,工业、住宅废气扰民,139
1,投诉,7,交通运输,@坪山,1,1,681,坪山区,10013,120414,101,0,1,1889,龙田街道,2018/11/12 15:20,103,0,公共交通管理,2,-,竹坑社区,坪山交通运输局,公共交通管理,193
1,投诉,11,教育卫生,@坪山,1,1,1028,坪山区,10013,120415,101,0,1,1500,龙田街道,2018/11/12 15:21,103,0,学历学位学籍管理,2,-,竹坑社区,教育局,教育行政管理,1024
1,投诉,9,食药市监,12345,1,0,294,坪山区,10007,120417,104,1,1,686,坪山街道,2018/11/12 15:21,13,0,消费维权,2,-,六联社区,区责任单位,消费维权,61
1,-,5,市容环卫,12345,-,1,1161,-,-,120418,-,0,1,-,-,2018/11/12 15:21,13,0,城市管理,99,-,-,-,市容城管,1159
1,投诉,3,环保水务,12345,1,1,460,坪山区,10007,120419,104,0,1,1536,坪山街道,2018/11/12 15:21,13,0,工业红线内噪声,2,-,六联社区,环境保护和水务局,工业噪声,132
1,投诉,5,市容环卫,@坪山,1,1,584,坪山区,10020,120424,101,0,1,8508,龙田街道,2018/11/12 15:27,103,0,积存垃圾渣土,2,-,龙田社区,龙田街道综合执法队（龙田街道办事处）,渣土问题,173
1,投诉,5,市容环卫,12319,1,1,602,坪山区,10021,120431,105,0,1,1772,坑梓街道,2018/11/12 15:47,12,0,无照经营游商,2,-,沙田社区,城管办（坑梓街道办事处）,占道经营,178
1,投诉,5,市容环卫,美丽深圳,1,1,602,坪山区,10012,114576,104,0,1,8484,坪山街道,2018/10/30 7:52,102,0,无照经营游商,2,-,六和社区,坪山街道综合执法队（坪山街道办事处）,占道经营,178
1,投诉,5,市容环卫,美丽深圳,1,1,596,坪山区,10022,114577,105,0,1,1770,坑梓街道,2018/10/30 7:52,102,0,绿地保洁,2,-,秀新社区,市政服务中心（坑梓街道办事处）,绿化养护,176
1,投诉,5,市容环卫,美丽深圳,1,1,603,坪山区,10012,114581,104,0,1,8484,坪山街道,2018/10/30 7:57,102,0,店外经营,2,-,六和社区,坪山街道综合执法队（坪山街道办事处）,占道经营,178
1,投诉,5,市容环卫,美丽深圳,1,1,603,坪山区,10012,114582,104,0,1,8484,坪山街道,2018/10/30 7:57,102,0,店外经营,2,-,六和社区,坪山街道综合执法队（坪山街道办事处）,占道经营,178
1,投诉,6,市政设施,@坪山,1,1,644,坪山区,10015,114588,105,0,1,1889,坑梓街道,2018/10/30 8:09,103,0,防撞柱,2,-,坑梓社区,坪山交通运输局,公用部件,185
1,投诉,6,市政设施,12319,1,1,630,坪山区,10021,114590,105,0,1,8516,坑梓街道,2018/10/30 8:13,12,0,下水井盖,2,-,沙田社区,大工业区水务有限公司,公用部件,185
1,投诉,6,市政设施,@坪山,1,1,630,坪山区,10015,114592,105,0,1,8516,坑梓街道,2018/10/30 8:17,103,0,下水井盖,2,-,坑梓社区,大工业区水务有限公司,公用部件,185
1,投诉,6,市政设施,@坪山,1,1,644,坪山区,10003,114594,102,0,1,1889,马峦街道,2018/10/30 8:23,103,0,防撞柱,2,-,江岭社区,坪山交通运输局,公用部件,185
1,投诉,6,市政设施,@坪山,1,1,630,坪山区,10014,114596,101,0,1,8516,龙田街道,2018/10/30 8:25,103,0,下水井盖,2,-,老坑社区,大工业区水务有限公司,公用部件,185
1,投诉,6,市政设施,@坪山,1,1,665,坪山区,10007,114597,104,0,1,1889,坪山街道,2018/10/30 8:27,103,0,道路破损,2,-,六联社区,坪山交通运输局,市政、公共设施设置及维护,186
1,投诉,6,市政设施,@坪山,1,1,634,坪山区,10007,114598,104,0,1,8474,坪山街道,2018/10/30 8:29,103,0,通讯井盖,2,-,六联社区,广东移动深圳公司,公用部件,185
1,投诉,5,市容环卫,@坪山,1,1,589,坪山区,10007,114601,104,0,1,1751,坪山街道,2018/10/30 8:32,103,0,树木养护,2,-,六联社区,市政服务中心（坪山街道办事处）,绿化养护,176
1,投诉,6,市政设施,@坪山,1,1,665,坪山区,10015,114602,105,0,1,1889,坑梓街道,2018/10/30 8:33,103,0,道路破损,2,-,坑梓社区,坪山交通运输局,市政、公共设施设置及维护,186
1,投诉,6,市政设施,@坪山,1,1,665,坪山区,10007,114607,104,0,1,1889,坪山街道,2018/10/30 8:35,103,0,道路破损,2,-,六联社区,坪山交通运输局,市政、公共设施设置及维护,186
1,投诉,5,市容环卫,美丽深圳,1,1,602,坪山区,10013,114624,101,0,1,8508,龙田街道,2018/10/30 8:42,102,0,无照经营游商,2,-,竹坑社区,龙田街道综合执法队（龙田街道办事处）,占道经营,178
1,投诉,3,环保水务,12319,1,0,508,坪山区,10019,114648,105,1,1,1555,坑梓街道,2018/10/30 9:01,12,0,房屋拆除、建设扬尘,2,-,金沙社区,住房和建设局,扬尘污染,142
1,投诉,5,市容环卫,@坪山,1,1,1164,坪山区,10012,114653,104,0,1,8484,坪山街道,2018/10/30 9:05,103,0,乱摆卖,2,-,六和社区,坪山街道综合执法队（坪山街道办事处）,市容城管,1159
1,投诉,6,市政设施,固话投诉,1,1,630,坪山区,10013,114654,101,0,1,8516,龙田街道,2018/10/30 9:05,106,0,下水井盖,2,-,竹坑社区,大工业区水务有限公司,公用部件,185
1,投诉,3,环保水务,12345,1,1,742,坪山区,10018,114659,101,0,1,1536,龙田街道,2018/10/30 9:13,13,0,超时施工,2,-,南布社区,环境保护和水务局,建筑施工噪声,133
1,投诉,5,市容环卫,12319,1,1,602,坪山区,10019,114672,105,0,1,1772,坑梓街道,2018/10/30 9:23,12,0,无照经营游商,2,-,金沙社区,城管办（坑梓街道办事处）,占道经营,178
1,投诉,5,市容环卫,12319,1,1,602,坪山区,10008,114681,103,0,1,8535,石井街道,2018/10/30 9:39,12,0,无照经营游商,2,-,田头社区,石井办事处综合执法队（石井街道办事处）,占道经营,178
1,投诉,5,市容环卫,@坪山,1,1,598,坪山区,10010,114682,100,0,1,8523,碧岭街道,2018/10/30 9:40,103,0,住宅区域内废弃家具设备,2,-,沙湖社区,碧岭办事处市政服务中心（碧岭街道办事处）,废弃物堆放,177
1,咨询,12,组织人事,政府信箱,1,1,1048,坪山区,10002,114685,100,0,1,1555,碧岭街道,2018/10/30 9:43,104,0,人才战略,3,-,汤坑社区,住房和建设局,人力资源,1047
1,投诉,5,市容环卫,12345,1,0,1163,坪山区,10007,114689,104,1,1,1605,坪山街道,2018/10/30 9:45,13,0,违法建设,2,-,六联社区,规划土地监察大队,市容城管,1159
1,投诉,3,环保水务,12345,1,1,466,坪山区,10013,114690,101,0,1,1536,龙田街道,2018/10/30 9:45,13,0,商业经营红线外噪声,2,-,竹坑社区,环境保护和水务局,商业经营噪声,134
1,投诉,3,环保水务,12345,1,0,510,坪山区,10012,114698,104,1,1,1555,坪山街道,2018/10/30 10:01,13,0,社会投资建设工地施工扬尘,2,-,六和社区,住房和建设局,扬尘污染,142
1,投诉,3,环保水务,12345,1,1,460,坪山区,10018,114699,101,0,1,1536,龙田街道,2018/10/30 10:01,13,0,工业红线内噪声,2,-,南布社区,环境保护和水务局,工业噪声,132
1,投诉,3,环保水务,12345,1,1,460,坪山区,10018,114700,101,0,1,1536,龙田街道,2018/10/30 10:01,13,0,工业红线内噪声,2,-,南布社区,环境保护和水务局,工业噪声,132
1,投诉,3,环保水务,12345,1,1,460,坪山区,10018,114701,101,0,1,1536,龙田街道,2018/10/30 10:01,13,0,工业红线内噪声,2,-,南布社区,环境保护和水务局,工业噪声,132
1,投诉,3,环保水务,12345,1,1,460,坪山区,10018,114702,101,0,1,1536,龙田街道,2018/10/30 10:01,13,0,工业红线内噪声,2,-,南布社区,环境保护和水务局,工业噪声,132
1,投诉,3,环保水务,12345,1,1,460,坪山区,10019,114703,105,0,1,1536,坑梓街道,2018/10/30 10:01,13,0,工业红线内噪声,2,-,金沙社区,环境保护和水务局,工业噪声,132
1,投诉,3,环保水务,12345,1,1,484,坪山区,10019,114704,105,0,1,1536,坑梓街道,2018/10/30 10:01,13,0,工业废气,2,-,金沙社区,环境保护和水务局,工业、住宅废气扰民,139
1,投诉,5,市容环卫,美丽深圳,1,1,591,坪山区,10007,114708,104,0,1,1751,坪山街道,2018/10/30 10:17,102,0,绿化带养护,2,-,六联社区,市政服务中心（坪山街道办事处）,绿化养护,176
1,投诉,5,市容环卫,美丽深圳,1,1,591,坪山区,10007,114710,104,0,1,1751,坪山街道,2018/10/30 10:17,102,0,绿化带养护,2,-,六联社区,市政服务中心（坪山街道办事处）,绿化养护,176
1,投诉,5,市容环卫,美丽深圳,1,1,611,坪山区,10007,114711,104,0,1,8484,坪山街道,2018/10/30 10:17,102,0,悬挂横幅标语、,2,-,六联社区,坪山街道综合执法队（坪山街道办事处）,宣传广告违法行为,180
1,投诉,5,市容环卫,@坪山,1,1,611,坪山区,10012,115438,104,0,1,8484,坪山街道,2018/10/31 19:21,103,0,悬挂横幅标语、,2,-,六和社区,坪山街道综合执法队（坪山街道办事处）,宣传广告违法行为,180
1,投诉,6,市政设施,@坪山,1,1,854,坪山区,10012,115439,104,0,1,8484,坪山街道,2018/10/31 19:23,103,0,灯箱霓虹灯,2,-,六和社区,坪山街道综合执法队（坪山街道办事处）,环卫设施设置及维护,182
1,投诉,5,市容环卫,12319,1,1,602,坪山区,10004,115441,102,0,1,8532,马峦街道,2018/10/31 19:30,12,0,无照经营游商,2,-,坪环社区,马峦办事处综合执法队（马峦街道办事处）,占道经营,178
1,投诉,6,市政设施,12319,1,1,633,坪山区,10007,115442,104,0,1,1751,坪山街道,2018/10/31 19:34,12,0,路灯(灯光)井盖,2,-,六联社区,市政服务中心（坪山街道办事处）,公用部件,185
1,投诉,5,市容环卫,美丽深圳,1,1,602,坪山区,10007,115444,104,0,1,8484,坪山街道,2018/10/31 19:37,102,0,无照经营游商,2,-,六联社区,坪山街道综合执法队（坪山街道办事处）,占道经营,178
1,投诉,5,市容环卫,@坪山,1,1,584,坪山区,10007,115445,104,0,1,1751,坪山街道,2018/10/31 19:43,103,0,积存垃圾渣土,2,-,六联社区,市政服务中心（坪山街道办事处）,渣土问题,173
1,投诉,5,市容环卫,@坪山,1,1,584,坪山区,10016,115450,104,0,1,1751,坪山街道,2018/10/31 20:13,103,0,积存垃圾渣土,2,-,和平社区,市政服务中心（坪山街道办事处）,渣土问题,173
1,投诉,5,市容环卫,12319,1,1,602,坪山区,10010,115452,100,0,1,1876,碧岭街道,2018/10/31 20:16,12,0,无照经营游商,2,-,沙湖社区,城管办（碧岭街道办事处）,占道经营,178
1,投诉,5,市容环卫,@坪山,1,1,584,坪山区,10016,115457,104,0,1,1751,坪山街道,2018/10/31 20:29,103,0,积存垃圾渣土,2,-,和平社区,市政服务中心（坪山街道办事处）,渣土问题,173
1,投诉,5,市容环卫,@坪山,1,1,589,坪山区,10007,115458,104,0,1,1755,坪山街道,2018/10/31 20:34,103,0,树木养护,2,-,六联社区,六联社区（坪山街道办事处）,绿化养护,176
1,投诉,6,市政设施,@坪山,1,0,672,坪山区,10004,115459,102,1,1,1932,马峦街道,2018/10/31 20:40,103,0,架空线缆损坏,2,-,坪环社区,坪山供电局,城市公共资源管理,187
1,投诉,6,市政设施,@坪山,1,1,630,坪山区,10007,115460,104,0,1,8474,坪山街道,2018/10/31 20:43,103,0,下水井盖,2,-,六联社区,广东移动深圳公司,公用部件,185
1,投诉,3,环保水务,12319,1,1,486,坪山区,10014,115461,101,0,1,8508,龙田街道,2018/10/31 20:45,12,0,油烟污染,2,-,老坑社区,龙田街道综合执法队（龙田街道办事处）,服务行业废气扰民,140
1,投诉,5,市容环卫,@坪山,1,1,609,坪山区,10012,115462,104,0,1,8484,坪山街道,2018/10/31 20:45,103,0,未经批准设置广告牌,2,-,六和社区,坪山街道综合执法队（坪山街道办事处）,宣传广告违法行为,180
1,投诉,5,市容环卫,@坪山,1,1,584,坪山区,10012,115466,104,0,1,1751,坪山街道,2018/10/31 20:53,103,0,积存垃圾渣土,2,-,六和社区,市政服务中心（坪山街道办事处）,渣土问题,173
1,投诉,5,市容环卫,12319,1,1,602,坪山区,10006,115469,102,0,1,8532,马峦街道,2018/10/31 21:25,12,0,无照经营游商,2,-,沙n社区,马峦办事处综合执法队（马峦街道办事处）,占道经营,178
1,投诉,5,市容环卫,@坪山,1,1,602,坪山区,10022,115470,105,0,1,1772,坑梓街道,2018/10/31 21:31,103,0,无照经营游商,2,-,秀新社区,城管办（坑梓街道办事处）,占道经营,178
1,投诉,5,市容环卫,固话投诉,1,1,602,坪山区,10006,115471,102,0,1,8532,马峦街道,2018/10/31 21:31,106,0,无照经营游商,2,-,沙n社区,马峦办事处综合执法队（马峦街道办事处）,占道经营,178
1,咨询,12,组织人事,政府信箱,1,1,1048,坪山区,10002,115472,100,0,1,1424,碧岭街道,2018/10/31 22:04,104,0,人才战略,3,-,汤坑社区,区委组织部,人力资源,1047
1,投诉,5,市容环卫,@坪山,1,1,603,坪山区,10003,115473,102,0,1,8532,马峦街道,2018/10/31 22:08,103,0,店外经营,2,-,江岭社区,马峦办事处综合执法队（马峦街道办事处）,占道经营,178
1,投诉,5,市容环卫,12319,1,1,602,坪山区,10006,115475,102,0,1,8532,马峦街道,2018/10/31 22:52,12,0,无照经营游商,2,-,沙n社区,马峦办事处综合执法队（马峦街道办事处）,占道经营,178
1,投诉,3,环保水务,@坪山,1,1,460,坪山区,10019,115476,105,0,1,1536,坑梓街道,2018/10/31 23:06,103,0,工业红线内噪声,2,-,金沙社区,环境保护和水务局,工业噪声,132
1,咨询,4,规土城建,政府信箱,1,0,958,坪山区,10010,115477,100,1,1,1881,碧岭街道,2018/10/31 23:45,104,0,土地规划,3,-,沙湖社区,市规划国土委坪山管理局,土地资源管理,153
1,投诉,5,市容环卫,12319,1,0,602,坪山区,10004,115478,102,1,1,8532,马峦街道,2018/11/1 0:21,12,0,无照经营游商,2,-,坪环社区,马峦办事处综合执法队（马峦街道办事处）,占道经营,178
1,投诉,5,市容环卫,12319,1,0,602,坪山区,10004,115479,102,1,1,8532,马峦街道,2018/11/1 0:28,12,0,无照经营游商,2,-,坪环社区,马峦办事处综合执法队（马峦街道办事处）,占道经营,178
1,投诉,3,环保水务,12319,1,1,460,坪山区,10012,115480,104,0,1,1536,坪山街道,2018/11/1 5:22,12,0,工业红线内噪声,2,-,六和社区,环境保护和水务局,工业噪声,132
1,投诉,3,环保水务,12319,1,1,742,坪山区,10012,115481,104,0,1,1536,坪山街道,2018/11/1 6:20,12,0,超时施工,2,-,六和社区,环境保护和水务局,建筑施工噪声,133
1,投诉,17,社区管理,@坪山,1,1,408,坪山区,10012,115482,104,0,1,1681,坪山街道,2018/11/1 7:17,103,0,社区公共管理,2,-,六和社区,交通轨道办,社区公共管理,118
1,咨询,5,市容环卫,@坪山,1,0,1161,坪山区,10002,115483,100,1,1,1904,碧岭街道,2018/11/1 7:34,103,0,城市管理,3,-,汤坑社区,社保坪山分局,市容城管,1159
1,投诉,5,市容环卫,12319,1,1,602,坪山区,10022,115484,105,0,1,1772,坑梓街道,2018/11/1 7:53,12,0,无照经营游商,2,-,秀新社区,城管办（坑梓街道办事处）,占道经营,178
1,投诉,6,市政设施,@坪山,1,1,672,坪山区,10014,115486,101,0,1,8504,龙田街道,2018/11/1 8:05,103,0,架空线缆损坏,2,-,老坑社区,坪山街道电信营业中心,城市公共资源管理,187
1,投诉,6,市政设施,@坪山,1,1,630,坪山区,10015,115487,105,0,1,8516,坑梓街道,2018/11/1 8:07,103,0,下水井盖,2,-,坑梓社区,大工业区水务有限公司,公用部件,185
1,投诉,6,市政设施,@坪山,1,1,665,坪山区,10022,115490,105,0,1,1889,坑梓街道,2018/11/1 8:11,103,0,道路破损,2,-,秀新社区,坪山交通运输局,市政、公共设施设置及维护,186
1,投诉,6,市政设施,@坪山,1,1,644,坪山区,10006,115491,102,0,1,1889,马峦街道,2018/11/1 8:12,103,0,防撞柱,2,-,沙n社区,坪山交通运输局,公用部件,185
1,投诉,6,市政设施,@坪山,1,1,632,坪山区,10022,116774,105,0,1,1932,坑梓街道,2018/11/3 16:23,103,0,电力井盖,2,-,秀新社区,坪山供电局,公用部件,185
1,投诉,1,安全隐患,@坪山,1,1,428,坪山区,10016,11605,104,0,1,686,坪山街道,2018/2/24 13:07,103,0,企业资质证照,2,-,和平社区,区测试责任单位一,安全生产,18
1,投诉,3,环保水务,固话投诉,1,1,460,坪山区,10004,116050,102,0,1,1536,马峦街道,2018/11/1 22:50,106,0,工业红线内噪声,2,-,坪环社区,环境保护和水务局,工业噪声,132
1,投诉,3,环保水务,固话投诉,1,1,742,坪山区,10004,116051,102,0,1,1536,马峦街道,2018/11/1 23:03,106,0,超时施工,2,-,坪环社区,环境保护和水务局,建筑施工噪声,133
1,投诉,3,环保水务,@坪山,1,1,463,坪山区,10004,116052,102,0,1,1536,马峦街道,2018/11/1 23:24,103,0,施工噪音,2,-,坪环社区,环境保护和水务局,建筑施工噪声,133
1,咨询,7,交通运输,@坪山,1,1,681,坪山区,10013,116053,101,0,1,1889,龙田街道,2018/11/1 23:25,103,0,公共交通管理,3,-,竹坑社区,坪山交通运输局,公共交通管理,193
1,投诉,7,交通运输,@坪山,1,1,681,坪山区,10013,116054,101,0,1,1889,龙田街道,2018/11/1 23:31,103,0,公共交通管理,2,-,竹坑社区,坪山交通运输局,公共交通管理,193
1,投诉,5,市容环卫,美丽深圳,1,1,590,坪山区,10014,116057,101,0,1,1583,龙田街道,2018/11/2 7:07,102,0,公共绿地养护,2,-,老坑社区,城市管理局,绿化养护,176
1,投诉,5,市容环卫,美丽深圳,1,1,602,坪山区,10018,116058,101,0,1,8508,龙田街道,2018/11/2 7:07,102,0,无照经营游商,2,-,南布社区,龙田街道综合执法队（龙田街道办事处）,占道经营,178
1,投诉,7,交通运输,@坪山,1,1,681,坪山区,10004,116059,102,0,1,1889,马峦街道,2018/11/2 7:23,103,0,公共交通管理,2,-,坪环社区,坪山交通运输局,公共交通管理,193
1,投诉,5,市容环卫,12319,1,1,602,坪山区,10019,116061,105,0,1,1772,坑梓街道,2018/11/2 7:25,12,0,无照经营游商,2,-,金沙社区,城管办（坑梓街道办事处）,占道经营,178
1,投诉,5,市容环卫,12319,1,1,602,坪山区,10013,116062,101,0,1,8508,龙田街道,2018/11/2 7:56,12,0,无照经营游商,2,-,竹坑社区,龙田街道综合执法队（龙田街道办事处）,占道经营,178
1,投诉,6,市政设施,@坪山,1,1,665,坪山区,10012,116070,104,0,1,1889,坪山街道,2018/11/2 8:08,103,0,道路破损,2,-,六和社区,坪山交通运输局,市政、公共设施设置及维护,186
1,投诉,5,市容环卫,12319,1,1,602,坪山区,10021,116071,105,0,1,1772,坑梓街道,2018/11/2 8:10,12,0,无照经营游商,2,-,沙田社区,城管办（坑梓街道办事处）,占道经营,178
1,投诉,6,市政设施,@坪山,1,1,630,坪山区,10020,116072,101,0,1,1889,龙田街道,2018/11/2 8:11,103,0,下水井盖,2,-,龙田社区,坪山交通运输局,公用部件,185
1,投诉,6,市政设施,@坪山,1,1,634,坪山区,10005,116074,104,0,1,8504,坪山街道,2018/11/2 8:14,103,0,通讯井盖,2,-,坪山社区,坪山街道电信营业中心,公用部件,185
1,投诉,6,市政设施,@坪山,1,1,630,坪山区,10007,116089,104,0,1,8516,坪山街道,2018/11/2 8:40,103,0,下水井盖,2,-,六联社区,大工业区水务有限公司,公用部件,185
1,投诉,5,市容环卫,美丽深圳,1,1,602,坪山区,10014,116095,101,0,1,8508,龙田街道,2018/11/2 8:42,102,0,无照经营游商,2,-,老坑社区,龙田街道综合执法队（龙田街道办事处）,占道经营,178
1,投诉,6,市政设施,@坪山,1,1,632,坪山区,10014,116111,101,0,1,1920,龙田街道,2018/11/2 8:52,103,0,电力井盖,2,-,老坑社区,市交警支队坪山大队,公用部件,185
1,投诉,6,市政设施,@坪山,1,1,665,坪山区,10006,116114,102,0,1,1889,马峦街道,2018/11/2 8:54,103,0,道路破损,2,-,沙n社区,坪山交通运输局,市政、公共设施设置及维护,186
1,投诉,6,市政设施,@坪山,1,0,672,坪山区,10020,116118,101,1,1,8474,龙田街道,2018/11/2 8:56,103,0,架空线缆损坏,2,-,龙田社区,广东移动深圳公司,城市公共资源管理,187
1,咨询,1,安全隐患,@坪山,1,0,580,坪山区,10013,116124,101,1,1,1661,龙田街道,2018/11/2 9:05,103,0,危险用电,3,-,竹坑社区,政府投资项目前期工作管理办公室,线路消防安全,23
1,投诉,5,市容环卫,12345,1,0,1161,坪山区,10007,116135,104,1,1,1755,坪山街道,2018/11/2 9:13,13,0,城市管理,2,-,六联社区,六联社区（坪山街道办事处）,市容城管,1159
1,投诉,7,交通运输,@坪山,1,1,681,坪山区,10014,116157,101,0,1,1889,龙田街道,2018/11/2 9:24,103,0,公共交通管理,2,-,老坑社区,坪山交通运输局,公共交通管理,193
1,投诉,7,交通运输,@坪山,1,1,681,坪山区,10014,116158,101,0,1,1889,龙田街道,2018/11/2 9:25,103,0,公共交通管理,2,-,老坑社区,坪山交通运输局,公共交通管理,193
1,投诉,7,交通运输,@坪山,1,1,681,坪山区,10014,116160,101,0,1,1889,龙田街道,2018/11/2 9:25,103,0,公共交通管理,2,-,老坑社区,坪山交通运输局,公共交通管理,193
1,投诉,7,交通运输,@坪山,1,1,681,坪山区,10014,116162,101,0,1,1889,龙田街道,2018/11/2 9:26,103,0,公共交通管理,2,-,老坑社区,坪山交通运输局,公共交通管理,193
1,投诉,7,交通运输,@坪山,1,1,681,坪山区,10014,116163,101,0,1,1889,龙田街道,2018/11/2 9:27,103,0,公共交通管理,2,-,老坑社区,坪山交通运输局,公共交通管理,193
1,投诉,7,交通运输,@坪山,1,1,681,坪山区,10014,116164,101,0,1,1889,龙田街道,2018/11/2 9:27,103,0,公共交通管理,2,-,老坑社区,坪山交通运输局,公共交通管理,193
1,投诉,5,市容环卫,美丽深圳,1,1,607,坪山区,10007,116165,104,0,1,8484,坪山街道,2018/11/2 9:27,102,0,街头张贴广告,2,-,六联社区,坪山街道综合执法队（坪山街道办事处）,宣传广告违法行为,180
1,投诉,6,市政设施,@坪山,1,1,662,坪山区,10013,116167,101,0,1,1583,龙田街道,2018/11/2 9:28,103,0,侵占绿地,2,-,竹坑社区,城市管理局,市政、公共设施设置及维护,186
1,投诉,7,交通运输,@坪山,1,1,681,坪山区,10014,116169,101,0,1,1889,龙田街道,2018/11/2 9:29,103,0,公共交通管理,2,-,老坑社区,坪山交通运输局,公共交通管理,193
1,投诉,7,交通运输,@坪山,1,1,681,坪山区,10014,116170,101,0,1,1889,龙田街道,2018/11/2 9:29,103,0,公共交通管理,2,-,老坑社区,坪山交通运输局,公共交通管理,193
1,投诉,7,交通运输,@坪山,1,1,681,坪山区,10014,116172,101,0,1,1889,龙田街道,2018/11/2 9:29,103,0,公共交通管理,2,-,老坑社区,坪山交通运输局,公共交通管理,193
1,投诉,6,市政设施,@坪山,1,1,835,坪山区,10014,116173,101,0,1,1889,龙田街道,2018/11/2 9:31,103,0,交通岗亭,2,-,老坑社区,坪山交通运输局,交通设施,183
1,投诉,7,交通运输,@坪山,1,1,681,坪山区,10014,116176,101,0,1,1889,龙田街道,2018/11/2 9:32,103,0,公共交通管理,2,-,老坑社区,坪山交通运输局,公共交通管理,193
1,投诉,3,环保水务,@坪山,1,1,460,坪山区,10013,117296,101,0,1,1536,龙田街道,2018/11/5 14:01,103,0,工业红线内噪声,2,-,竹坑社区,环境保护和水务局,工业噪声,132
1,投诉,6,市政设施,12319,1,1,633,坪山区,10007,125572,104,0,1,1751,坪山街道,2018/11/26 19:23,12,0,路灯(灯光)井盖,2,-,六联社区,市政服务中心（坪山街道办事处）,公用部件,185
1,投诉,5,市容环卫,美丽深圳,1,1,752,坪山区,10022,125573,105,0,1,1772,坑梓街道,2018/11/26 19:27,102,0,其他区域堆放施工废弃料,2,-,秀新社区,城管办（坑梓街道办事处）,废弃物堆放,177
1,投诉,5,市容环卫,12319,1,1,603,坪山区,10022,125574,105,0,1,1772,坑梓街道,2018/11/26 19:27,12,0,店外经营,2,-,秀新社区,城管办（坑梓街道办事处）,占道经营,178
1,投诉,6,市政设施,美丽深圳,1,1,629,坪山区,10005,125575,104,0,1,1932,坪山街道,2018/11/26 19:32,102,0,上水井盖,2,-,坪山社区,坪山供电局,公用部件,185
1,投诉,5,市容环卫,12319,1,1,603,坪山区,10020,125576,101,0,1,8508,龙田街道,2018/11/26 19:32,12,0,店外经营,2,-,龙田社区,龙田街道综合执法队（龙田街道办事处）,占道经营,178
1,投诉,5,市容环卫,@坪山,1,1,607,坪山区,10005,125577,104,0,1,8484,坪山街道,2018/11/26 19:34,103,0,街头张贴广告,2,-,坪山社区,坪山街道综合执法队（坪山街道办事处）,宣传广告违法行为,180
1,投诉,5,市容环卫,美丽深圳,1,1,581,坪山区,10005,125579,104,0,1,1751,坪山街道,2018/11/26 19:42,102,0,暴露垃圾,2,-,坪山社区,市政服务中心（坪山街道办事处）,垃圾问题,172
1,投诉,5,市容环卫,美丽深圳,1,1,584,坪山区,10022,125580,105,0,1,1770,坑梓街道,2018/11/26 19:42,102,0,积存垃圾渣土,2,-,秀新社区,市政服务中心（坑梓街道办事处）,渣土问题,173
1,投诉,5,市容环卫,美丽深圳,1,1,1266,坪山区,10003,125581,102,0,1,8532,马峦街道,2018/11/26 19:42,102,0,广告牌匾,2,-,江岭社区,马峦办事处综合执法队（马峦街道办事处）,宣传广告违法行为,180
1,投诉,3,环保水务,12319,1,0,465,坪山区,10019,125582,105,1,1,1891,坑梓街道,2018/11/26 19:43,12,0,商业经营红线内噪声,2,-,金沙社区,坪山公安分局,商业经营噪声,134
1,投诉,5,市容环卫,美丽深圳,1,1,1266,坪山区,10003,125585,102,0,1,8532,马峦街道,2018/11/26 19:52,102,0,广告牌匾,2,-,江岭社区,马峦办事处综合执法队（马峦街道办事处）,宣传广告违法行为,180
1,投诉,5,市容环卫,美丽深圳,1,1,590,坪山区,10005,125588,104,0,1,1583,坪山街道,2018/11/26 20:02,102,0,公共绿地养护,2,-,坪山社区,城市管理局,绿化养护,176
1,投诉,5,市容环卫,@坪山,1,1,603,坪山区,10005,125590,104,0,1,8484,坪山街道,2018/11/26 20:06,103,0,店外经营,2,-,坪山社区,坪山街道综合执法队（坪山街道办事处）,占道经营,178
1,投诉,5,市容环卫,美丽深圳,1,1,1266,坪山区,10004,125592,102,0,1,8532,马峦街道,2018/11/26 20:07,102,0,广告牌匾,2,-,坪环社区,马峦办事处综合执法队（马峦街道办事处）,宣传广告违法行为,180
1,投诉,5,市容环卫,@坪山,1,1,752,坪山区,10016,125595,104,0,1,8484,坪山街道,2018/11/26 20:13,103,0,其他区域堆放施工废弃料,2,-,和平社区,坪山街道综合执法队（坪山街道办事处）,废弃物堆放,177
1,投诉,5,市容环卫,@坪山,1,1,752,坪山区,10016,125596,104,0,1,8484,坪山街道,2018/11/26 20:14,103,0,其他区域堆放施工废弃料,2,-,和平社区,坪山街道综合执法队（坪山街道办事处）,废弃物堆放,177
1,投诉,6,市政设施,12319,1,1,633,坪山区,10007,125613,104,0,1,1751,坪山街道,2018/11/26 20:51,12,0,路灯(灯光)井盖,2,-,六联社区,市政服务中心（坪山街道办事处）,公用部件,185
1,投诉,7,交通运输,@坪山,1,1,681,坪山区,10016,125615,104,0,1,1751,坪山街道,2018/11/26 20:57,103,0,公共交通管理,2,-,和平社区,市政服务中心（坪山街道办事处）,公共交通管理,193
1,投诉,6,市政设施,12319,1,1,633,坪山区,10020,125616,101,0,1,1801,龙田街道,2018/11/26 21:07,12,0,路灯(灯光)井盖,2,-,龙田社区,市政服务中心（龙田街道办事处）,公用部件,185
1,咨询,11,教育卫生,@坪山,1,1,1021,坪山区,10019,125619,105,0,1,1500,坑梓街道,2018/11/26 21:23,103,0,教育统筹管理,3,-,金沙社区,教育局,教育体制,1019
1,投诉,5,市容环卫,12319,1,1,603,坪山区,10022,125623,105,0,1,1772,坑梓街道,2018/11/26 21:41,12,0,店外经营,2,-,秀新社区,城管办（坑梓街道办事处）,占道经营,178
1,投诉,6,市政设施,@坪山,1,1,836,坪山区,10007,125624,104,0,1,1889,坪山街道,2018/11/26 22:11,103,0,公交站亭,2,-,六联社区,坪山交通运输局,道路设施,184
1,投诉,6,市政设施,@坪山,1,1,644,坪山区,10007,125625,104,0,1,1889,坪山街道,2018/11/26 22:16,103,0,防撞柱,2,-,六联社区,坪山交通运输局,公用部件,185
1,投诉,3,环保水务,@坪山,1,1,482,坪山区,10015,125626,105,0,1,1772,坑梓街道,2018/11/26 22:16,103,0,饲养宠物家禽扰民,2,-,坑梓社区,城管办（坑梓街道办事处）,禽畜养殖污染,138
1,投诉,5,市容环卫,@坪山,1,1,1161,坪山区,10022,125627,105,0,1,1920,坑梓街道,2018/11/26 22:21,103,0,城市管理,2,-,秀新社区,市交警支队坪山大队,市容城管,1159
1,投诉,5,市容环卫,12319,1,1,603,坪山区,10022,125628,105,0,1,1772,坑梓街道,2018/11/26 22:28,12,0,店外经营,2,-,秀新社区,城管办（坑梓街道办事处）,占道经营,178
1,投诉,6,市政设施,@坪山,1,0,665,坪山区,10007,125629,104,1,1,1889,坪山街道,2018/11/26 22:30,103,0,道路破损,2,-,六联社区,坪山交通运输局,市政、公共设施设置及维护,186
1,投诉,5,市容环卫,@坪山,1,1,602,坪山区,10014,125630,101,0,1,8508,龙田街道,2018/11/26 22:43,103,0,无照经营游商,2,-,老坑社区,龙田街道综合执法队（龙田街道办事处）,占道经营,178
1,投诉,5,市容环卫,12319,1,1,603,坪山区,10007,125631,104,0,1,8484,坪山街道,2018/11/26 22:48,12,0,店外经营,2,-,六联社区,坪山街道综合执法队（坪山街道办事处）,占道经营,178
1,投诉,3,环保水务,固话投诉,1,1,742,坪山区,10007,125633,104,0,1,1536,坪山街道,2018/11/26 23:14,106,0,超时施工,2,-,六联社区,环境保护和水务局,建筑施工噪声,133
1,投诉,7,交通运输,@坪山,1,1,681,坪山区,10004,125634,102,0,1,1889,马峦街道,2018/11/26 23:36,103,0,公共交通管理,2,-,坪环社区,坪山交通运输局,公共交通管理,193
1,投诉,5,市容环卫,12319,1,1,603,坪山区,10007,125635,104,0,1,8484,坪山街道,2018/11/27 0:10,12,0,店外经营,2,-,六联社区,坪山街道综合执法队（坪山街道办事处）,占道经营,178
1,投诉,5,市容环卫,政府信箱,1,1,1161,坪山区,10019,125636,105,0,1,1536,坑梓街道,2018/11/27 2:21,104,0,城市管理,2,-,金沙社区,环境保护和水务局,市容城管,1159
1,投诉,5,市容环卫,美丽深圳,1,1,590,坪山区,10014,125637,101,0,1,1583,龙田街道,2018/11/27 7:02,102,0,公共绿地养护,2,-,老坑社区,城市管理局,绿化养护,176
1,投诉,5,市容环卫,@坪山,1,1,1161,坪山区,10004,125638,102,0,1,1889,马峦街道,2018/11/27 7:23,103,0,城市管理,2,-,坪环社区,坪山交通运输局,市容城管,1159
1,投诉,5,市容环卫,美丽深圳,1,0,752,坪山区,10007,114713,104,1,1,1751,坪山街道,2018/10/30 10:17,102,0,其他区域堆放施工废弃料,2,-,六联社区,市政服务中心（坪山街道办事处）,废弃物堆放,177
1,投诉,6,市政设施,美丽深圳,1,1,630,坪山区,10007,114715,104,0,1,8516,坪山街道,2018/10/30 10:17,102,0,下水井盖,2,-,六联社区,大工业区水务有限公司,公用部件,185
1,投诉,7,交通运输,@坪山,1,1,681,坪山区,10014,114717,101,0,1,1889,龙田街道,2018/10/30 10:19,103,0,公共交通管理,2,-,老坑社区,坪山交通运输局,公共交通管理,193
1,投诉,5,市容环卫,美丽深圳,1,1,590,坪山区,10007,114718,104,0,1,1681,坪山街道,2018/10/30 10:27,102,0,公共绿地养护,2,-,六联社区,交通轨道办,绿化养护,176
1,投诉,5,市容环卫,美丽深圳,1,1,615,坪山区,10013,114719,101,0,1,8508,龙田街道,2018/10/30 10:27,102,0,乱堆物堆料,2,-,竹坑社区,龙田街道综合执法队（龙田街道办事处）,其他市容违法行为或影响市容事件,181
1,投诉,6,市政设施,美丽深圳,1,0,630,坪山区,10004,114720,102,1,1,1855,马峦街道,2018/10/30 10:27,102,0,下水井盖,2,-,坪环社区,坪环社区（马峦街道办事处）,公用部件,185
1,投诉,5,市容环卫,12319,1,1,602,坪山区,10021,114722,105,0,1,1772,坑梓街道,2018/10/30 10:36,12,0,无照经营游商,2,-,沙田社区,城管办（坑梓街道办事处）,占道经营,178
1,投诉,1,安全隐患,12319,1,1,292,坪山区,10019,114724,105,0,1,1889,坑梓街道,2018/10/30 10:49,12,0,施工安全隐患,2,-,金沙社区,坪山交通运输局,建设工程质量,49
1,投诉,3,环保水务,固话投诉,1,1,498,坪山区,10007,114727,104,0,1,1755,坪山街道,2018/10/30 11:11,106,0,生活污水乱排放,2,-,六联社区,六联社区（坪山街道办事处）,水污染,141
1,投诉,4,规土城建,@坪山,1,1,559,坪山区,10013,114729,101,0,1,1555,龙田街道,2018/10/30 11:14,103,0,房地产,2,-,竹坑社区,住房和建设局,住房保障和房地产,162
1,投诉,11,教育卫生,12345,1,1,351,坪山区,10012,114730,104,0,1,1500,坪山街道,2018/10/30 11:29,13,0,教育收费,2,-,六和社区,教育局,教育收费,85
1,投诉,3,环保水务,12345,1,1,460,坪山区,10007,114731,104,0,1,1536,坪山街道,2018/10/30 11:29,13,0,工业红线内噪声,2,-,六联社区,环境保护和水务局,工业噪声,132
1,投诉,3,环保水务,12345,1,1,460,坪山区,10018,114732,101,0,1,1536,龙田街道,2018/10/30 11:29,13,0,工业红线内噪声,2,-,南布社区,环境保护和水务局,工业噪声,132
1,投诉,3,环保水务,12345,1,1,460,坪山区,10019,114733,105,0,1,1536,坑梓街道,2018/10/30 11:29,13,0,工业红线内噪声,2,-,金沙社区,环境保护和水务局,工业噪声,132
1,投诉,5,市容环卫,12319,1,1,605,坪山区,10015,114735,105,0,1,1920,坑梓街道,2018/10/30 12:51,12,0,机动车乱停放,2,-,坑梓社区,市交警支队坪山大队,车辆乱停放,179
1,投诉,1,安全隐患,@坪山,1,1,234,坪山区,10017,114737,103,0,1,1920,石井街道,2018/10/30 13:19,103,0,指示牌及红绿灯设置,2,-,石井社区,市交警支队坪山大队,道路交通安全,27
1,投诉,1,安全隐患,12319,1,1,292,坪山区,10018,114744,101,0,1,1536,龙田街道,2018/10/30 13:38,12,0,施工安全隐患,2,-,南布社区,环境保护和水务局,建设工程质量,49
1,投诉,5,市容环卫,@坪山,1,1,602,坪山区,10013,114746,101,0,1,8508,龙田街道,2018/10/30 13:52,103,0,无照经营游商,2,-,竹坑社区,龙田街道综合执法队（龙田街道办事处）,占道经营,178
1,投诉,4,规土城建,12319,1,1,548,坪山区,10021,114749,105,0,1,1772,坑梓街道,2018/10/30 13:58,12,0,违法在建建筑,2,-,沙田社区,城管办（坑梓街道办事处）,违法建筑与用地行为,158
1,投诉,5,市容环卫,12319,1,1,602,坪山区,10021,114768,105,0,1,1772,坑梓街道,2018/10/30 14:12,12,0,无照经营游商,2,-,沙田社区,城管办（坑梓街道办事处）,占道经营,178
1,投诉,5,市容环卫,@坪山,1,1,808,坪山区,10022,114776,105,0,1,1536,坑梓街道,2018/10/30 14:16,103,0,施工占道,2,-,秀新社区,环境保护和水务局,其他市容违法行为或影响市容事件,181
1,投诉,6,市政设施,12319,1,1,633,坪山区,10012,114787,104,0,1,1646,坪山街道,2018/10/30 14:22,12,0,路灯(灯光)井盖,2,-,六和社区,建筑工务局,公用部件,185
1,投诉,5,市容环卫,@坪山,1,1,589,坪山区,10009,114818,100,0,1,8523,碧岭街道,2018/10/30 14:49,103,0,树木养护,2,-,碧岭社区,碧岭办事处市政服务中心（碧岭街道办事处）,绿化养护,176
1,投诉,5,市容环卫,美丽深圳,1,1,752,坪山区,10002,114832,100,0,1,1876,碧岭街道,2018/10/30 15:12,102,0,其他区域堆放施工废弃料,2,-,汤坑社区,城管办（碧岭街道办事处）,废弃物堆放,177
1,投诉,6,市政设施,美丽深圳,1,1,630,坪山区,10009,114841,100,0,1,8516,碧岭街道,2018/10/30 15:27,102,0,下水井盖,2,-,碧岭社区,大工业区水务有限公司,公用部件,185
1,投诉,5,市容环卫,12319,1,1,602,坪山区,10013,114842,101,0,1,8508,龙田街道,2018/10/30 15:27,12,0,无照经营游商,2,-,竹坑社区,龙田街道综合执法队（龙田街道办事处）,占道经营,178
1,投诉,3,环保水务,12319,1,1,463,坪山区,10005,114844,104,0,1,1536,坪山街道,2018/10/30 15:34,12,0,施工噪音,2,-,坪山社区,环境保护和水务局,建筑施工噪声,133
1,咨询,10,文体旅游,12345,1,1,306,坪山区,10007,114845,104,0,1,1536,坪山街道,2018/10/30 15:45,13,0,未经批准的营业性演出活动,3,-,六联社区,环境保护和水务局,文化市场违法行为,68
1,投诉,3,环保水务,12345,1,1,484,坪山区,10003,114846,102,0,1,1536,马峦街道,2018/10/30 15:45,13,0,工业废气,2,-,江岭社区,环境保护和水务局,工业、住宅废气扰民,139
1,投诉,5,市容环卫,固话投诉,1,1,602,坪山区,10007,114847,104,0,1,8484,坪山街道,2018/10/30 15:47,106,0,无照经营游商,2,-,六联社区,坪山街道综合执法队（坪山街道办事处）,占道经营,178
1,投诉,6,市政设施,固话投诉,1,1,809,坪山区,10016,114848,104,0,1,1536,坪山街道,2018/10/30 15:48,106,0,其他施工管理问题,2,-,和平社区,环境保护和水务局,市政、公共设施设置及维护,186
1,投诉,5,市容环卫,美丽深圳,1,1,1265,坪山区,10022,114850,105,0,1,1772,坑梓街道,2018/10/30 16:02,102,0,沿街晾挂,2,-,秀新社区,城管办（坑梓街道办事处）,其他市容违法行为或影响市容事件,181
1,投诉,5,市容环卫,美丽深圳,1,1,611,坪山区,10022,114851,105,0,1,1772,坑梓街道,2018/10/30 16:02,102,0,悬挂横幅标语、,2,-,秀新社区,城管办（坑梓街道办事处）,宣传广告违法行为,180
1,投诉,5,市容环卫,美丽深圳,1,1,611,坪山区,10022,114852,105,0,1,1772,坑梓街道,2018/10/30 16:02,102,0,悬挂横幅标语、,2,-,秀新社区,城管办（坑梓街道办事处）,宣传广告违法行为,180
1,投诉,3,环保水务,12319,1,1,511,坪山区,10010,114854,100,0,1,8523,碧岭街道,2018/10/30 16:22,12,0,公共场所扬尘,2,-,沙湖社区,碧岭办事处市政服务中心（碧岭街道办事处）,扬尘污染,142
1,投诉,6,市政设施,政府信箱,1,1,833,坪山区,10004,116776,102,0,1,1920,马峦街道,2018/11/3 16:51,104,0,交通信号设施,2,-,坪环社区,市交警支队坪山大队,交通设施,183
1,投诉,3,环保水务,12319,1,1,482,坪山区,10016,116777,104,0,1,8484,坪山街道,2018/11/3 17:00,12,0,饲养宠物家禽扰民,2,-,和平社区,坪山街道综合执法队（坪山街道办事处）,禽畜养殖污染,138
1,投诉,6,市政设施,固话投诉,1,0,640,坪山区,10007,116778,104,1,1,1755,坪山街道,2018/11/3 17:08,106,0,无主井盖,2,-,六联社区,六联社区（坪山街道办事处）,公用部件,185
1,投诉,6,市政设施,12319,1,1,852,坪山区,10022,116780,105,0,1,1772,坑梓街道,2018/11/3 17:44,12,0,垃圾站(楼),2,-,秀新社区,城管办（坑梓街道办事处）,环卫设施设置及维护,182
1,投诉,5,市容环卫,@坪山,1,1,609,坪山区,10007,116783,104,0,1,8484,坪山街道,2018/11/3 18:12,103,0,未经批准设置广告牌,2,-,六联社区,坪山街道综合执法队（坪山街道办事处）,宣传广告违法行为,180
1,投诉,5,市容环卫,12319,1,1,602,坪山区,10019,116784,105,0,1,1772,坑梓街道,2018/11/3 18:14,12,0,无照经营游商,2,-,金沙社区,城管办（坑梓街道办事处）,占道经营,178
1,投诉,5,市容环卫,@坪山,1,1,609,坪山区,10007,116786,104,0,1,8484,坪山街道,2018/11/3 18:17,103,0,未经批准设置广告牌,2,-,六联社区,坪山街道综合执法队（坪山街道办事处）,宣传广告违法行为,180
1,投诉,3,环保水务,@坪山,1,1,480,坪山区,10006,116787,102,0,1,8532,马峦街道,2018/11/3 18:31,103,0,宠物扰民,2,-,沙n社区,马峦办事处综合执法队（马峦街道办事处）,社会生活噪声,137
1,投诉,5,市容环卫,美丽深圳,1,1,602,坪山区,10019,116788,105,0,1,1772,坑梓街道,2018/11/3 18:37,102,0,无照经营游商,2,-,金沙社区,城管办（坑梓街道办事处）,占道经营,178
1,投诉,5,市容环卫,12319,1,1,602,坪山区,10020,116789,101,0,1,8508,龙田街道,2018/11/3 18:58,12,0,无照经营游商,2,-,龙田社区,龙田街道综合执法队（龙田街道办事处）,占道经营,178
1,投诉,6,市政设施,@坪山,1,1,832,坪山区,10012,11679,104,0,1,1920,坪山街道,2018/2/24 20:32,103,0,交通信号灯,2,-,六和社区,市交警支队坪山大队,交通设施,183
1,投诉,6,市政设施,12319,1,1,633,坪山区,10009,116790,100,0,1,8523,碧岭街道,2018/11/3 19:00,12,0,路灯(灯光)井盖,2,-,碧岭社区,碧岭办事处市政服务中心（碧岭街道办事处）,公用部件,185
1,投诉,6,市政设施,美丽深圳,1,0,629,坪山区,10007,116792,104,1,1,8474,坪山街道,2018/11/3 19:52,102,0,上水井盖,2,-,六联社区,广东移动深圳公司,公用部件,185
1,投诉,5,市容环卫,@坪山,1,1,602,坪山区,10022,116793,105,0,1,1772,坑梓街道,2018/11/3 20:01,103,0,无照经营游商,2,-,秀新社区,城管办（坑梓街道办事处）,占道经营,178
1,投诉,5,市容环卫,@坪山,1,1,581,坪山区,10005,116794,104,0,1,1751,坪山街道,2018/11/3 20:15,103,0,暴露垃圾,2,-,坪山社区,市政服务中心（坪山街道办事处）,垃圾问题,172
1,投诉,6,市政设施,@坪山,1,0,665,坪山区,10004,116795,102,1,1,1855,马峦街道,2018/11/3 20:19,103,0,道路破损,2,-,坪环社区,坪环社区（马峦街道办事处）,市政、公共设施设置及维护,186
1,投诉,5,市容环卫,@坪山,1,1,752,坪山区,10004,116796,102,0,1,8532,马峦街道,2018/11/3 20:21,103,0,其他区域堆放施工废弃料,2,-,坪环社区,马峦办事处综合执法队（马峦街道办事处）,废弃物堆放,177
1,投诉,6,市政设施,@坪山,1,1,625,坪山区,10007,116797,104,0,1,1751,坪山街道,2018/11/3 20:26,103,0,环卫设施不洁,2,-,六联社区,市政服务中心（坪山街道办事处）,环卫设施设置及维护,182
1,投诉,5,市容环卫,@坪山,1,1,607,坪山区,10004,116799,102,0,1,8532,马峦街道,2018/11/3 20:31,103,0,街头张贴广告,2,-,坪环社区,马峦办事处综合执法队（马峦街道办事处）,宣传广告违法行为,180
1,投诉,3,环保水务,12319,1,1,813,坪山区,10004,11680,102,0,1,1536,马峦街道,2018/2/25 0:36,12,0,小散乱污企业,2,-,坪环社区,环境保护和水务局,小散乱污,812
1,投诉,6,市政设施,@坪山,1,0,823,坪山区,10007,116800,104,1,1,1646,坪山街道,2018/11/3 20:34,103,0,路灯,2,-,六联社区,建筑工务局,公用部件,185
1,投诉,5,市容环卫,@坪山,1,1,752,坪山区,10004,116801,102,0,1,8532,马峦街道,2018/11/3 20:44,103,0,其他区域堆放施工废弃料,2,-,坪环社区,马峦办事处综合执法队（马峦街道办事处）,废弃物堆放,177
1,投诉,5,市容环卫,@坪山,1,1,609,坪山区,10007,116802,104,0,1,8484,坪山街道,2018/11/3 22:03,103,0,未经批准设置广告牌,2,-,六联社区,坪山街道综合执法队（坪山街道办事处）,宣传广告违法行为,180
1,投诉,11,教育卫生,@坪山,1,1,327,坪山区,10020,116803,101,0,1,1565,龙田街道,2018/11/3 22:38,103,0,医疗事故争议,2,-,龙田社区,卫生和计划生育局,医患纠纷,75
1,投诉,5,市容环卫,12319,1,1,603,坪山区,10009,116804,100,0,1,1876,碧岭街道,2018/11/3 23:17,12,0,店外经营,2,-,碧岭社区,城管办（碧岭街道办事处）,占道经营,178
1,投诉,3,环保水务,12319,1,1,478,坪山区,10020,116805,101,0,1,1891,龙田街道,2018/11/3 23:49,12,0,假日住宅楼噪声,2,-,龙田社区,坪山公安分局,社会生活噪声,137
1,建议,7,交通运输,政府信箱,1,1,674,坪山区,10005,116806,104,0,1,1681,坪山街道,2018/11/3 23:50,104,0,道路规划建设,4,-,坪山社区,交通轨道办,道路规划建设,189
1,投诉,6,市政设施,固话投诉,1,1,644,坪山区,10002,116807,100,0,1,1863,碧岭街道,2018/11/4 0:19,106,0,防撞柱,2,-,汤坑社区,汤坑社区（碧岭街道办事处）,公用部件,185
1,投诉,6,市政设施,@坪山,1,1,832,坪山区,10007,116808,104,0,1,1920,坪山街道,2018/11/4 1:33,103,0,交通信号灯,2,-,六联社区,市交警支队坪山大队,交通设施,183
1,咨询,3,环保水务,政府信箱,1,1,472,坪山区,10017,116809,103,0,1,1920,石井街道,2018/11/4 2:09,104,0,机动车噪声,3,-,石井社区,市交警支队坪山大队,交通运输噪声,136
1,投诉,5,市容环卫,美丽深圳,1,1,602,坪山区,10018,116810,101,0,1,8508,龙田街道,2018/11/4 7:17,102,0,无照经营游商,2,-,南布社区,龙田街道综合执法队（龙田街道办事处）,占道经营,178
1,建议,7,交通运输,@坪山,1,1,681,坪山区,10012,116811,104,0,1,1681,坪山街道,2018/11/4 7:54,103,0,公共交通管理,4,-,六和社区,交通轨道办,公共交通管理,193
1,投诉,6,市政设施,美丽深圳,1,0,630,坪山区,10004,116815,102,1,1,1855,马峦街道,2018/11/4 7:57,102,0,下水井盖,2,-,坪环社区,坪环社区（马峦街道办事处）,公用部件,185
1,投诉,5,市容环卫,12319,1,1,602,坪山区,10013,116817,101,0,1,8508,龙田街道,2018/11/4 8:21,12,0,无照经营游商,2,-,竹坑社区,龙田街道综合执法队（龙田街道办事处）,占道经营,178
1,投诉,6,市政设施,@坪山,1,1,634,坪山区,10007,118176,104,0,1,1755,坪山街道,2018/11/7 8:25,103,0,通讯井盖,2,-,六联社区,六联社区（坪山街道办事处）,公用部件,185
1,投诉,2,治安维稳,@坪山,1,0,925,坪山区,10003,11730,102,1,1,1891,马峦街道,2018/2/25 10:20,103,0,流动人口管理,2,-,江岭社区,坪山公安分局,户籍证件,131
1,投诉,5,市容环卫,12345,1,1,1164,坪山区,10019,117325,105,0,1,1772,坑梓街道,2018/11/5 14:25,13,0,乱摆卖,2,-,金沙社区,城管办（坑梓街道办事处）,市容城管,1159
1,投诉,3,环保水务,12345,1,1,466,坪山区,10022,117326,105,0,1,1772,坑梓街道,2018/11/5 14:25,13,0,商业经营红线外噪声,2,-,秀新社区,城管办（坑梓街道办事处）,商业经营噪声,134
1,投诉,6,市政设施,12345,1,1,809,坪山区,10002,117327,100,0,1,1876,碧岭街道,2018/11/5 14:25,13,0,其他施工管理问题,2,-,汤坑社区,城管办（碧岭街道办事处）,市政、公共设施设置及维护,186
1,投诉,5,市容环卫,12345,1,1,1164,坪山区,10021,117328,105,0,1,1772,坑梓街道,2018/11/5 14:25,13,0,乱摆卖,2,-,沙田社区,城管办（坑梓街道办事处）,市容城管,1159
1,投诉,3,环保水务,12345,1,1,484,坪山区,10022,117329,105,0,1,1536,坑梓街道,2018/11/5 14:25,13,0,工业废气,2,-,秀新社区,环境保护和水务局,工业、住宅废气扰民,139
1,投诉,5,市容环卫,12345,1,1,1160,坪山区,10007,117330,104,0,1,1751,坪山街道,2018/11/5 14:25,13,0,市容环卫,2,-,六联社区,市政服务中心（坪山街道办事处）,市容城管,1159
1,投诉,5,市容环卫,@坪山,1,1,605,坪山区,10009,117341,100,0,1,1920,碧岭街道,2018/11/5 14:31,103,0,机动车乱停放,2,-,碧岭社区,市交警支队坪山大队,车辆乱停放,179
1,投诉,3,环保水务,12345,1,1,498,坪山区,10016,117358,104,0,1,1704,坪山街道,2018/11/5 14:41,13,0,生活污水乱排放,2,-,和平社区,城建办公室（坪山街道办事处）,水污染,141
1,投诉,5,市容环卫,12345,1,1,1161,坪山区,10022,117359,105,0,1,8565,坑梓街道,2018/11/5 14:41,13,0,城市管理,2,-,秀新社区,坑梓自来水公司,市容城管,1159
1,投诉,16,统一战线,12345,1,1,792,坪山区,10018,117360,101,0,1,1529,龙田街道,2018/11/5 14:41,13,0,工商经济联络,2,-,南布社区,人力资源局,工商经济联络,791
1,投诉,12,组织人事,@坪山,1,1,1051,坪山区,10002,117362,100,0,1,1424,碧岭街道,2018/11/5 14:42,103,0,专业资格考试,2,-,汤坑社区,区委组织部,人力资源,1047
1,投诉,5,市容环卫,@坪山,1,1,589,坪山区,10017,117387,103,0,1,8536,石井街道,2018/11/5 14:59,103,0,树木养护,2,-,石井社区,石井办事处市政服务中心（石井街道办事处）,绿化养护,176
